Tahun Owner,Bulan Owner,Tanggal Owner,Kode Owner,Email Owner,No Hp Owner,Nama Project/Brand,Nama Outlet,No Hp Outlet,Tahun Outlet,Bulan Outlet,Tanggal Outlet,Kelurahan Outlet,Kecamatan Outlet,Kota/Kabupaten Outlet,Provinsi Outlet,Alamat Outlet,PIC/Lead,Waktu Dibagikan,Waktu Mulai Berlangganan,Paket Langganan,Tenor,Waktu Berakhir Berlangganan,Status Langganan
2026,Agustus,04/08/2026,OWN-01936,,081234501936,#REF!,#REF!,,2026,Agustus,05/08/2026,,,0,Sulawesi Tenggara,,Sales Demo 003,05/08/2026 00:00,,,,,BELUM BERLANGGANAN
2026,Agustus,04/08/2026,OWN-01936,,081234501936,#REF!,#REF!,,2026,Agustus,04/08/2026,,,0,Sulawesi Tenggara,,Sales Demo 003,05/08/2026 00:00,,,,,BELUM BERLANGGANAN
2026,Agustus,04/08/2026,OWN-00701,,081234500701,#REF!,#REF!,,2026,Agustus,05/08/2026,,,4,Jambi,,Sales Demo 002,05/08/2026 00:00,,,,,BELUM BERLANGGANAN
2026,Agustus,04/08/2026,OWN-00701,,081234500701,#REF!,#REF!,,2026,Agustus,04/08/2026,,,4,Jambi,,Sales Demo 002,05/08/2026 00:00,,,,,BELUM BERLANGGANAN
2026,Agustus,04/08/2026,OWN-01780,,081234501780,0,0,,2026,Agustus,05/08/2026,,,0,Papua Selatan,,Sales Demo 003,05/08/2026 00:00,,,,,BELUM BERLANGGANAN
2026,Agustus,04/08/2026,OWN-01780,,081234501780,0,0,,2026,Agustus,04/08/2026,,,0,Papua Selatan,,Sales Demo 003,05/08/2026 00:00,,,,,BELUM BERLANGGANAN
2026,Agustus,04/08/2026,OWN-01288,,081234501288,152,152,,2026,Agustus,05/08/2026,,,31,Jawa Tengah,,Sales Demo 010,05/08/2026 00:00,,,,,BELUM BERLANGGANAN
2026,Agustus,04/08/2026,OWN-01288,,081234501288,152,152,,2026,Agustus,04/08/2026,,,31,Jawa Tengah,,Sales Demo 010,05/08/2026 00:00,,,,,BELUM BERLANGGANAN
2026,Agustus,04/08/2026,OWN-01776,,081234501776,0,0,,2026,Agustus,05/08/2026,,,0,Papua Barat Daya,,Sales Demo 004,05/08/2026 00:00,,,,,BELUM BERLANGGANAN
2026,Agustus,04/08/2026,OWN-01776,,081234501776,0,0,,2026,Agustus,04/08/2026,,,0,Papua Barat Daya,,Sales Demo 004,05/08/2026 00:00,,,,,BELUM BERLANGGANAN
2026,Agustus,04/08/2026,OWN-01692,,081234501692,7,7,,2026,Agustus,05/08/2026,,,Jakarta Selatan,Kepulauan Riau ,,Sales Demo 006,05/08/2026 00:00,,,,,BELUM BERLANGGANAN
2026,Agustus,04/08/2026,OWN-01692,,081234501692,7,7,,2026,Agustus,04/08/2026,,,Jakarta Selatan,Kepulauan Riau ,,Sales Demo 006,05/08/2026 00:00,,,,,BELUM BERLANGGANAN
2026,Agustus,04/08/2026,OWN-01803,,081234501803,1,1,,2026,Agustus,05/08/2026,,,1,Riau,,Sales Demo 008,05/08/2026 00:00,,,,,BELUM BERLANGGANAN
2026,Agustus,04/08/2026,OWN-01803,,081234501803,1,1,,2026,Agustus,04/08/2026,,,1,Riau,,Sales Demo 008,05/08/2026 00:00,,,,,BELUM BERLANGGANAN
2026,Agustus,04/08/2026,OWN-01725,,081234501725,0,0,,2026,Agustus,05/08/2026,,,0,Maluku Utara,,Sales Demo 003,05/08/2026 00:00,,,,,BELUM BERLANGGANAN
2026,Agustus,04/08/2026,OWN-01725,,081234501725,0,0,,2026,Agustus,04/08/2026,,,0,Maluku Utara,,Sales Demo 003,05/08/2026 00:00,,,,,BELUM BERLANGGANAN
2026,Agustus,04/08/2026,OWN-00342,,081234500342,2,2,,2026,Agustus,05/08/2026,,,2,Bengkulu,,Sales Demo 004,05/08/2026 00:00,,,,,BELUM BERLANGGANAN
2026,Agustus,04/08/2026,OWN-00342,,081234500342,2,2,,2026,Agustus,04/08/2026,,,2,Bengkulu,,Sales Demo 004,05/08/2026 00:00,,,,,BELUM BERLANGGANAN
2026,Agustus,04/08/2026,OWN-01635,,081234501635,#REF!,#REF!,,2026,Agustus,05/08/2026,,,0,Kalimantan Utara,,Sales Demo 002,05/08/2026 00:00,,,,,BELUM BERLANGGANAN
2026,Agustus,04/08/2026,OWN-01635,,081234501635,#REF!,#REF!,,2026,Agustus,04/08/2026,,,0,Kalimantan Utara,,Sales Demo 002,05/08/2026 00:00,,,,,BELUM BERLANGGANAN
2026,Agustus,04/08/2026,OWN-01442,,081234501442,151,151,,2026,Agustus,05/08/2026,,,28,Jawa Timur,,Sales Demo 010,05/08/2026 00:00,,,,,BELUM BERLANGGANAN
2026,Agustus,04/08/2026,OWN-01442,,081234501442,151,151,,2026,Agustus,04/08/2026,,,28,Jawa Timur,,Sales Demo 010,05/08/2026 00:00,,,,,BELUM BERLANGGANAN
2026,Agustus,04/08/2026,OWN-01921,,081234501921,#REF!,#REF!,,2026,Agustus,05/08/2026,,,1,Sulawesi Utara,,Sales Demo 001,05/08/2026 00:00,,,,,BELUM BERLANGGANAN
2026,Agustus,04/08/2026,OWN-01921,,081234501921,#REF!,#REF!,,2026,Agustus,04/08/2026,,,1,Sulawesi Utara,,Sales Demo 001,05/08/2026 00:00,,,,,BELUM BERLANGGANAN
2026,Agustus,04/08/2026,OWN-01804,,081234501804,20,20,,2026,Agustus,05/08/2026,,,8,Riau,,Sales Demo 007,05/08/2026 00:00,,,,,BELUM BERLANGGANAN
2026,Agustus,04/08/2026,OWN-01804,,081234501804,20,20,,2026,Agustus,04/08/2026,,,8,Riau,,Sales Demo 007,05/08/2026 00:00,,,,,BELUM BERLANGGANAN
2026,Agustus,04/08/2026,OWN-01871,,081234501871,#REF!,#REF!,,2026,Agustus,05/08/2026,,,1,Sulawesi Selatan,,Sales Demo 007,05/08/2026 00:00,,,,,BELUM BERLANGGANAN
2026,Agustus,04/08/2026,OWN-01871,,081234501871,#REF!,#REF!,,2026,Agustus,04/08/2026,,,1,Sulawesi Selatan,,Sales Demo 007,05/08/2026 00:00,,,,,BELUM BERLANGGANAN
2026,Agustus,04/08/2026,OWN-00671,,081234500671,22,22,,2026,Agustus,05/08/2026,,,5,DKI Jakarta,,Sales Demo 008,05/08/2026 00:00,,,,,BELUM BERLANGGANAN
2026,Agustus,04/08/2026,OWN-00671,,081234500671,22,22,,2026,Agustus,04/08/2026,,,5,DKI Jakarta,,Sales Demo 008,05/08/2026 00:00,,,,,BELUM BERLANGGANAN
2026,Agustus,04/08/2026,OWN-01631,,081234501631,51,51,,2026,Agustus,05/08/2026,,,8,Kalimantan Timur,,Sales Demo 001,05/08/2026 00:00,,,,,BELUM BERLANGGANAN
2026,Agustus,04/08/2026,OWN-01631,,081234501631,51,51,,2026,Agustus,04/08/2026,,,8,Kalimantan Timur,,Sales Demo 001,05/08/2026 00:00,,,,,BELUM BERLANGGANAN
2026,Agustus,04/08/2026,OWN-01973,,081234501973,35,35,,2026,Agustus,05/08/2026,,,8,Sumatera Barat,,Sales Demo 010,05/08/2026 00:00,,,,,BELUM BERLANGGANAN
2026,Agustus,04/08/2026,OWN-01973,,081234501973,35,35,,2026,Agustus,04/08/2026,,,8,Sumatera Barat,,Sales Demo 010,05/08/2026 00:00,,,,,BELUM BERLANGGANAN
2026,Agustus,04/08/2026,OWN-01777,,081234501777,0,0,,2026,Agustus,05/08/2026,,,0,Papua Barat Daya,,Sales Demo 001,05/08/2026 00:00,,,,,BELUM BERLANGGANAN
2026,Agustus,04/08/2026,OWN-00183,,081234500183,1,1,,2026,Agustus,05/08/2026,,,3,Bali,,Sales Demo 003,05/08/2026 00:00,,,,,BELUM BERLANGGANAN
2026,Agustus,04/08/2026,OWN-01777,,081234501777,0,0,,2026,Agustus,04/08/2026,,,0,Papua Barat Daya,,Sales Demo 001,05/08/2026 00:00,,,,,BELUM BERLANGGANAN
2026,Agustus,04/08/2026,OWN-00183,,081234500183,1,1,,2026,Agustus,04/08/2026,,,3,Bali,,Sales Demo 003,05/08/2026 00:00,,,,,BELUM BERLANGGANAN
2026,Agustus,04/08/2026,OWN-01755,,081234501755,20,20,,2026,Agustus,05/08/2026,,,3,Nusa Tenggara Timur,,Sales Demo 003,05/08/2026 00:00,,,,,BELUM BERLANGGANAN
2026,Agustus,04/08/2026,OWN-01755,,081234501755,20,20,,2026,Agustus,04/08/2026,,,3,Nusa Tenggara Timur,,Sales Demo 003,05/08/2026 00:00,,,,,BELUM BERLANGGANAN
2026,Agustus,04/08/2026,OWN-00374,,081234500374,30,30,,2026,Agustus,05/08/2026,,,3,DI Yogyakarta,,Sales Demo 006,05/08/2026 00:00,,,,,BELUM BERLANGGANAN
2026,Agustus,04/08/2026,OWN-00374,,081234500374,30,30,,2026,Agustus,04/08/2026,,,3,DI Yogyakarta,,Sales Demo 006,05/08/2026 00:00,,,,,BELUM BERLANGGANAN
2026,Agustus,04/08/2026,OWN-00672,,081234500672,294,294,,2026,Agustus,05/08/2026,,,5,DKI Jakarta,,Sales Demo 003,05/08/2026 00:00,,,,,BELUM BERLANGGANAN
2026,Agustus,04/08/2026,OWN-00672,,081234500672,294,294,,2026,Agustus,04/08/2026,,,5,DKI Jakarta,,Sales Demo 003,05/08/2026 00:00,,,,,BELUM BERLANGGANAN
2026,Agustus,04/08/2026,OWN-01535,,081234501535,1,1,,2026,Agustus,05/08/2026,,,5,Kalimantan Barat ,,Sales Demo 003,05/08/2026 00:00,,,,,BELUM BERLANGGANAN
2026,Agustus,04/08/2026,OWN-01535,,081234501535,1,1,,2026,Agustus,04/08/2026,,,5,Kalimantan Barat ,,Sales Demo 003,05/08/2026 00:00,,,,,BELUM BERLANGGANAN
2026,Agustus,04/08/2026,OWN-01441,,081234501441,8,8,,2026,Agustus,05/08/2026,,,6,Jawa Timur,,Sales Demo 005,05/08/2026 00:00,,,,,BELUM BERLANGGANAN
2026,Agustus,04/08/2026,OWN-01441,,081234501441,8,8,,2026,Agustus,04/08/2026,,,6,Jawa Timur,,Sales Demo 005,05/08/2026 00:00,,,,,BELUM BERLANGGANAN
2026,Agustus,04/08/2026,OWN-01872,,081234501872,55,55,,2026,Agustus,05/08/2026,,,14,Sulawesi Selatan,,Sales Demo 007,05/08/2026 00:00,,,,,BELUM BERLANGGANAN
2026,Agustus,04/08/2026,OWN-01872,,081234501872,55,55,,2026,Agustus,04/08/2026,,,14,Sulawesi Selatan,,Sales Demo 007,05/08/2026 00:00,,,,,BELUM BERLANGGANAN
2026,Agustus,04/08/2026,OWN-02211,,081234502211,200,200,,2026,Agustus,05/08/2026,,,20,Sumatera Utara,,Sales Demo 005,05/08/2026 00:00,,,,,BELUM BERLANGGANAN
2026,Agustus,04/08/2026,OWN-02211,,081234502211,200,200,,2026,Agustus,04/08/2026,,,20,Sumatera Utara,,Sales Demo 005,05/08/2026 00:00,,,,,BELUM BERLANGGANAN
2026,Agustus,04/08/2026,OWN-01895,,081234501895,22,22,,2026,Agustus,05/08/2026,,,7,Sulawesi Tengah ,,Sales Demo 004,05/08/2026 00:00,,,,,BELUM BERLANGGANAN
2026,Agustus,04/08/2026,OWN-01895,,081234501895,22,22,,2026,Agustus,04/08/2026,,,7,Sulawesi Tengah ,,Sales Demo 004,05/08/2026 00:00,,,,,BELUM BERLANGGANAN
2026,Agustus,04/08/2026,OWN-01754,,081234501754,1,1,,2026,Agustus,05/08/2026,,,2,Nusa Tenggara Timur,,Sales Demo 001,05/08/2026 00:00,,,,,BELUM BERLANGGANAN
2026,Agustus,04/08/2026,OWN-01754,,081234501754,1,1,,2026,Agustus,04/08/2026,,,2,Nusa Tenggara Timur,,Sales Demo 001,05/08/2026 00:00,,,,,BELUM BERLANGGANAN
2026,Agustus,04/08/2026,OWN-01578,,081234501578,1,1,,2026,Agustus,05/08/2026,,,#REF!,Kalimantan Tengah ,,Sales Demo 002,05/08/2026 00:00,,,,,BELUM BERLANGGANAN
2026,Agustus,04/08/2026,OWN-01578,,081234501578,1,1,,2026,Agustus,04/08/2026,,,#REF!,Kalimantan Tengah ,,Sales Demo 002,05/08/2026 00:00,,,,,BELUM BERLANGGANAN
2026,Agustus,04/08/2026,OWN-01733,,081234501733,#REF!,#REF!,,2026,Agustus,05/08/2026,,,0,Nusa Tenggara Barat,,Sales Demo 005,05/08/2026 00:00,,,,,BELUM BERLANGGANAN
2026,Agustus,04/08/2026,OWN-01733,,081234501733,#REF!,#REF!,,2026,Agustus,04/08/2026,,,0,Nusa Tenggara Barat,,Sales Demo 005,05/08/2026 00:00,,,,,BELUM BERLANGGANAN
2026,Agustus,04/08/2026,OWN-01724,,081234501724,0,0,,2026,Agustus,05/08/2026,,,0,Maluku Utara,,Sales Demo 006,05/08/2026 00:00,,,,,BELUM BERLANGGANAN
2026,Agustus,04/08/2026,OWN-01724,,081234501724,0,0,,2026,Agustus,04/08/2026,,,0,Maluku Utara,,Sales Demo 006,05/08/2026 00:00,,,,,BELUM BERLANGGANAN
2026,Agustus,04/08/2026,OWN-01536,,081234501536,91,91,,2026,Agustus,05/08/2026,,,12,Kalimantan Barat ,,Sales Demo 002,05/08/2026 00:00,,,,,BELUM BERLANGGANAN
2026,Agustus,04/08/2026,OWN-01536,,081234501536,91,91,,2026,Agustus,04/08/2026,,,12,Kalimantan Barat ,,Sales Demo 002,05/08/2026 00:00,,,,,BELUM BERLANGGANAN
2026,Agustus,04/08/2026,OWN-01972,,081234501972,4,4,,2026,Agustus,05/08/2026,,,0,Sumatera Barat,,Sales Demo 007,05/08/2026 00:00,,,,,BELUM BERLANGGANAN
2026,Agustus,04/08/2026,OWN-01972,,081234501972,4,4,,2026,Agustus,04/08/2026,,,0,Sumatera Barat,,Sales Demo 007,05/08/2026 00:00,,,,,BELUM BERLANGGANAN
2026,Agustus,04/08/2026,OWN-01782,,081234501782,0,0,,2026,Agustus,05/08/2026,,,0,Papua Tengah,,Sales Demo 004,05/08/2026 00:00,,,,,BELUM BERLANGGANAN
2026,Agustus,04/08/2026,OWN-01782,,081234501782,0,0,,2026,Agustus,04/08/2026,,,0,Papua Tengah,,Sales Demo 004,05/08/2026 00:00,,,,,BELUM BERLANGGANAN
2026,Agustus,04/08/2026,OWN-01783,,081234501783,0,0,,2026,Agustus,05/08/2026,,,0,Papua Tengah,,Sales Demo 001,05/08/2026 00:00,,,,,BELUM BERLANGGANAN
2026,Agustus,04/08/2026,OWN-01783,,081234501783,0,0,,2026,Agustus,04/08/2026,,,0,Papua Tengah,,Sales Demo 001,05/08/2026 00:00,,,,,BELUM BERLANGGANAN
2026,Agustus,04/08/2026,OWN-00124,,081234500124,#REF!,#REF!,,2026,Agustus,05/08/2026,,,Jakarta Selatan,Aceh,,Sales Demo 001,05/08/2026 00:00,,,,,BELUM BERLANGGANAN
2026,Agustus,04/08/2026,OWN-00124,,081234500124,#REF!,#REF!,,2026,Agustus,04/08/2026,,,Jakarta Selatan,Aceh,,Sales Demo 001,05/08/2026 00:00,,,,,BELUM BERLANGGANAN
2026,Agustus,04/08/2026,OWN-01636,,081234501636,4,4,,2026,Agustus,05/08/2026,,,3,Kalimantan Utara,,Sales Demo 001,05/08/2026 00:00,,,,,BELUM BERLANGGANAN
2026,Agustus,04/08/2026,OWN-01636,,081234501636,4,4,,2026,Agustus,04/08/2026,,,3,Kalimantan Utara,,Sales Demo 001,05/08/2026 00:00,,,,,BELUM BERLANGGANAN
2026,Agustus,04/08/2026,OWN-01562,,081234501562,5,5,,2026,Agustus,05/08/2026,,,4,Kalimantan Selatan,,Sales Demo 002,05/08/2026 00:00,,,,,BELUM BERLANGGANAN
2026,Agustus,04/08/2026,OWN-01562,,081234501562,5,5,,2026,Agustus,04/08/2026,,,4,Kalimantan Selatan,,Sales Demo 002,05/08/2026 00:00,,,,,BELUM BERLANGGANAN
2026,Agustus,04/08/2026,OWN-01775,,081234501775,2,2,,2026,Agustus,05/08/2026,,,1,Papua Barat,,Sales Demo 003,05/08/2026 00:00,,,,,BELUM BERLANGGANAN
2026,Agustus,04/08/2026,OWN-01775,,081234501775,2,2,,2026,Agustus,04/08/2026,,,1,Papua Barat,,Sales Demo 003,05/08/2026 00:00,,,,,BELUM BERLANGGANAN
2026,Agustus,04/08/2026,OWN-01781,,081234501781,0,0,,2026,Agustus,05/08/2026,,,0,Papua Selatan,,Sales Demo 002,05/08/2026 00:00,,,,,BELUM BERLANGGANAN
2026,Agustus,04/08/2026,OWN-01781,,081234501781,0,0,,2026,Agustus,04/08/2026,,,0,Papua Selatan,,Sales Demo 002,05/08/2026 00:00,,,,,BELUM BERLANGGANAN
2026,Agustus,04/08/2026,OWN-00373,,081234500373,#REF!,#REF!,,2026,Agustus,05/08/2026,,,3,DI Yogyakarta,,Sales Demo 008,05/08/2026 00:00,,,,,BELUM BERLANGGANAN
2026,Agustus,04/08/2026,OWN-00373,,081234500373,#REF!,#REF!,,2026,Agustus,04/08/2026,,,3,DI Yogyakarta,,Sales Demo 008,05/08/2026 00:00,,,,,BELUM BERLANGGANAN
2026,Agustus,04/08/2026,OWN-01130,,081234501130,19,19,,2026,Agustus,05/08/2026,,,11,Jawa Barat,,Sales Demo 010,05/08/2026 00:00,,,,,BELUM BERLANGGANAN
2026,Agustus,04/08/2026,OWN-01130,,081234501130,19,19,,2026,Agustus,04/08/2026,,,11,Jawa Barat,,Sales Demo 010,05/08/2026 00:00,,,,,BELUM BERLANGGANAN
2026,Agustus,04/08/2026,OWN-00190,,081234500190,4,4,,2026,Agustus,05/08/2026,,,1,Bangka Belitung,,Sales Demo 003,05/08/2026 00:00,,,,,BELUM BERLANGGANAN
2026,Agustus,04/08/2026,OWN-00190,,081234500190,4,4,,2026,Agustus,04/08/2026,,,1,Bangka Belitung,,Sales Demo 003,05/08/2026 00:00,,,,,BELUM BERLANGGANAN
2026,Agustus,04/08/2026,OWN-01894,,081234501894,#REF!,#REF!,,2026,Agustus,05/08/2026,,,0,Sulawesi Tengah ,,Sales Demo 008,05/08/2026 00:00,,,,,BELUM BERLANGGANAN
2026,Agustus,04/08/2026,OWN-01894,,081234501894,#REF!,#REF!,,2026,Agustus,04/08/2026,,,0,Sulawesi Tengah ,,Sales Demo 008,05/08/2026 00:00,,,,,BELUM BERLANGGANAN
2026,Agustus,04/08/2026,OWN-00677,,081234500677,#REF!,#REF!,,2026,Agustus,05/08/2026,,,0,Gorontalo ,,Sales Demo 008,05/08/2026 00:00,,,,,BELUM BERLANGGANAN
2026,Agustus,04/08/2026,OWN-00677,,081234500677,#REF!,#REF!,,2026,Agustus,04/08/2026,,,0,Gorontalo ,,Sales Demo 008,05/08/2026 00:00,,,,,BELUM BERLANGGANAN
2026,Agustus,04/08/2026,OWN-01719,,081234501719,22,22,,2026,Agustus,05/08/2026,,,Jakarta Selatan,Lampung,,Sales Demo 009,05/08/2026 00:00,,,,,BELUM BERLANGGANAN
2026,Agustus,04/08/2026,OWN-01719,,081234501719,22,22,,2026,Agustus,04/08/2026,,,Jakarta Selatan,Lampung,,Sales Demo 009,05/08/2026 00:00,,,,,BELUM BERLANGGANAN
2026,Agustus,04/08/2026,OWN-01722,,081234501722,#REF!,#REF!,,2026,Agustus,05/08/2026,,,0,Maluku ,,Sales Demo 008,05/08/2026 00:00,,,,,BELUM BERLANGGANAN
2026,Agustus,04/08/2026,OWN-01722,,081234501722,#REF!,#REF!,,2026,Agustus,04/08/2026,,,0,Maluku ,,Sales Demo 008,05/08/2026 00:00,,,,,BELUM BERLANGGANAN
2026,Agustus,04/08/2026,OWN-00921,owner921@example.test,6281300200921,Laundry Cerah 921,Laundry Cerah 921 Outlet 01,6282100300001,2026,Agustus,04/08/2026,,,Medan,Sumatera Utara,"Jl. Outlet Demo No. 1, Medan",Sales Demo 093,05/08/2026 00:00,,,,,BELUM BERLANGGANAN
2026,Agustus,04/08/2026,OWN-00914,owner914@example.test,6281300200914,Laundry Cerah 914,Laundry Cerah 914 Outlet 01,6282100300001,2026,Agustus,04/08/2026,,,Malang,Jawa Timur,"Jl. Outlet Demo No. 1, Malang",Sales Demo 092,05/08/2026 00:00,,,,,BELUM BERLANGGANAN
2026,Agustus,04/08/2026,OWN-00913,owner913@example.test,6281300200913,Laundry Cerah 913,Laundry Cerah 913 Outlet 01,6282100300001,2026,Agustus,04/08/2026,,,Depok,Jawa Barat,"Jl. Outlet Demo No. 1, Depok",Sales Demo 092,05/08/2026 00:00,,,,,BELUM BERLANGGANAN
2026,Agustus,04/08/2026,OWN-00912,owner912@example.test,6281300200912,Laundry Cerah 912,Laundry Cerah 912 Outlet 01,6282100300001,2026,Agustus,04/08/2026,,,Sidoarjo,Jawa Timur,"Jl. Outlet Demo No. 1, Sidoarjo",Sales Demo 092,05/08/2026 00:00,,,,,BELUM BERLANGGANAN
2026,Agustus,04/08/2026,OWN-00911,owner911@example.test,6281300200911,Laundry Cerah 911,Laundry Cerah 911 Outlet 01,6282100300001,2026,Agustus,04/08/2026,,,Denpasar,Bali,"Jl. Outlet Demo No. 1, Denpasar",Sales Demo 092,05/08/2026 00:00,,,,,BELUM BERLANGGANAN
2026,Agustus,04/08/2026,OWN-00905,owner905@example.test,6281300200905,Laundry Cerah 905,Laundry Cerah 905 Outlet 01,6282100300001,2026,Agustus,04/08/2026,,,Sidoarjo,Jawa Timur,"Jl. Outlet Demo No. 1, Sidoarjo",Sales Demo 091,05/08/2026 00:00,,,,,BELUM BERLANGGANAN
2026,Agustus,04/08/2026,OWN-00904,owner904@example.test,6281300200904,Laundry Cerah 904,Laundry Cerah 904 Outlet 01,6282100300001,2026,Agustus,04/08/2026,,,Jakarta Timur,DKI Jakarta,"Jl. Outlet Demo No. 1, Jakarta Timur",Sales Demo 091,05/08/2026 00:00,,,,,BELUM BERLANGGANAN
2026,Agustus,04/08/2026,OWN-00903,owner903@example.test,6281300200903,Laundry Cerah 903,Laundry Cerah 903 Outlet 01,6282100300001,2026,Agustus,04/08/2026,,,Jakarta Timur,DKI Jakarta,"Jl. Outlet Demo No. 1, Jakarta Timur",Sales Demo 091,05/08/2026 00:00,,,,,BELUM BERLANGGANAN
2026,Agustus,04/08/2026,OWN-00902,owner902@example.test,6281300200902,Laundry Cerah 902,Laundry Cerah 902 Outlet 01,6282100300001,2026,Agustus,04/08/2026,,,Badung,Bali,"Jl. Outlet Demo No. 1, Badung",Sales Demo 091,05/08/2026 00:00,,,,,BELUM BERLANGGANAN
2026,Agustus,04/08/2026,OWN-00901,owner901@example.test,6281300200901,Laundry Cerah 901,Laundry Cerah 901 Outlet 01,6282100300001,2026,Agustus,04/08/2026,,,Bandung,Jawa Barat,"Jl. Outlet Demo No. 1, Bandung",Sales Demo 091,05/08/2026 00:00,,,,,BELUM BERLANGGANAN
2026,Agustus,04/08/2026,OWN-90007,owner90007@example.test,6281300290007,Laundry Super Fresh/Laundry Super Fresh,Laundry Super Fresh/Laundry Super Fresh Outlet 01,6282100300001,2026,Agustus,04/08/2026,,,Malang,Jawa Timur,"Jl. Outlet Demo No. 1, Malang",Supervisor Demo 001,05/08/2026 02:04,08/01/2273,Business,12 Bulan,03/01/2274,ACTIVE
2026,Agustus,04/08/2026,OWN-90006,owner90006@example.test,6281300290006,ON LINE LAUNDRY,ON LINE LAUNDRY Outlet 01,6282100300001,2026,Agustus,04/08/2026,,,Jakarta Selatan,DKI Jakarta,"Jl. Outlet Demo No. 1, Jakarta Selatan",Sales Demo 002,04/08/2026 00:00,07/01/2273,Business,12 Bulan,02/01/2274,ACTIVE
2026,Agustus,04/08/2026,OWN-90005,owner90005@example.test,6281300290005,Rumah Laundry/Rumah Laundry Buntok,Rumah Laundry/Rumah Laundry Buntok Outlet 01,6282100300001,2026,Agustus,04/08/2026,,,Denpasar,Bali,"Jl. Outlet Demo No. 1, Denpasar",Sales Demo 001,04/08/2026 00:00,06/01/2273,Business,12 Bulan,01/01/2274,ACTIVE
2026,Agustus,04/08/2026,OWN-00004,owner004@example.test,6281300200004,Laundry Cerah 004,Laundry Cerah 004 Outlet 01,6282100300001,2026,Agustus,04/08/2026,,,Deli Serdang,Sumatera Utara,"Jl. Outlet Demo No. 1, Deli Serdang",Sales Demo 002,04/08/2026 00:00,,,,,BELUM BERLANGGANAN
2026,Agustus,04/08/2026,OWN-00003,owner003@example.test,6281300200003,Laundry Cerah 003,Laundry Cerah 003 Outlet 01,6282100300001,2026,Agustus,04/08/2026,,,Medan,Sumatera Utara,"Jl. Outlet Demo No. 1, Medan",Sales Demo 001,04/08/2026 00:00,10/07/2026,Pro,12 Bulan,05/07/2027,ACTIVE
2026,Agustus,04/08/2026,OWN-00002,owner002@example.test,6281300200002,Laundry Cerah 002,Laundry Cerah 002 Outlet 03,6282100300003,2026,Agustus,04/08/2026,,,Gianyar,Bali,"Jl. Outlet Demo No. 3, Gianyar",Sales Demo 002,04/08/2026 00:00,,,,,BELUM BERLANGGANAN
2026,Agustus,04/08/2026,OWN-00002,owner002@example.test,6281300200002,Laundry Cerah 002,Laundry Cerah 002 Outlet 02,6282100300002,2026,Agustus,04/08/2026,,,Gianyar,Bali,"Jl. Outlet Demo No. 2, Gianyar",Sales Demo 002,04/08/2026 00:00,,,,,BELUM BERLANGGANAN
2026,Agustus,04/08/2026,OWN-00002,owner002@example.test,6281300200002,Laundry Cerah 002,Laundry Cerah 002 Outlet 01,6282100300001,2026,Agustus,04/08/2026,,,Gianyar,Bali,"Jl. Outlet Demo No. 1, Gianyar",Sales Demo 002,04/08/2026 00:00,,,,,BELUM BERLANGGANAN
2026,Agustus,04/08/2026,OWN-00001,owner001@example.test,6281300200001,Laundry Cerah 001,Laundry Cerah 001 Outlet 01,6282100300001,2026,Agustus,04/08/2026,,,Malang,Jawa Timur,"Jl. Outlet Demo No. 1, Malang",Sales Demo 001,04/08/2026 00:00,,,,,BELUM BERLANGGANAN
2026,Agustus,04/08/2026,OWN-00678,,081234500678,4,4,,2026,Agustus,05/08/2026,,,1,Gorontalo ,,Sales Demo 005,05/08/2026 00:00,,,,,BELUM BERLANGGANAN
2026,Agustus,04/08/2026,OWN-00678,,081234500678,4,4,,2026,Agustus,04/08/2026,,,1,Gorontalo ,,Sales Demo 005,05/08/2026 00:00,,,,,BELUM BERLANGGANAN
2026,Agustus,04/08/2026,OWN-01693,,081234501693,51,51,,2026,Agustus,05/08/2026,,,Jakarta Selatan,Kepulauan Riau ,,Sales Demo 007,05/08/2026 00:00,,,,,BELUM BERLANGGANAN
2026,Agustus,04/08/2026,OWN-01693,,081234501693,51,51,,2026,Agustus,04/08/2026,,,Jakarta Selatan,Kepulauan Riau ,,Sales Demo 007,05/08/2026 00:00,,,,,BELUM BERLANGGANAN
2026,Agustus,04/08/2026,OWN-00189,,081234500189,#REF!,#REF!,,2026,Agustus,05/08/2026,,,0,Bangka Belitung,,Sales Demo 010,05/08/2026 00:00,,,,,BELUM BERLANGGANAN
2026,Agustus,04/08/2026,OWN-00189,,081234500189,#REF!,#REF!,,2026,Agustus,04/08/2026,,,0,Bangka Belitung,,Sales Demo 010,05/08/2026 00:00,,,,,BELUM BERLANGGANAN
2026,Agustus,04/08/2026,OWN-02210,,081234502210,4,4,,2026,Agustus,05/08/2026,,,11,Sumatera Utara,,Sales Demo 002,05/08/2026 00:00,,,,,BELUM BERLANGGANAN
2026,Agustus,04/08/2026,OWN-02210,,081234502210,4,4,,2026,Agustus,04/08/2026,,,11,Sumatera Utara,,Sales Demo 002,05/08/2026 00:00,,,,,BELUM BERLANGGANAN
2026,Agustus,04/08/2026,OWN-01287,,081234501287,13,13,,2026,Agustus,05/08/2026,,,7,Jawa Tengah,,Sales Demo 007,05/08/2026 00:00,,,,,BELUM BERLANGGANAN
2026,Agustus,04/08/2026,OWN-01287,,081234501287,13,13,,2026,Agustus,04/08/2026,,,7,Jawa Tengah,,Sales Demo 007,05/08/2026 00:00,,,,,BELUM BERLANGGANAN
2026,Agustus,04/08/2026,OWN-01734,,081234501734,8,8,,2026,Agustus,05/08/2026,,,4,Nusa Tenggara Barat,,Sales Demo 002,05/08/2026 00:00,,,,,BELUM BERLANGGANAN
2026,Agustus,04/08/2026,OWN-01734,,081234501734,8,8,,2026,Agustus,04/08/2026,,,4,Nusa Tenggara Barat,,Sales Demo 002,05/08/2026 00:00,,,,,BELUM BERLANGGANAN
2026,Agustus,04/08/2026,OWN-01579,,081234501579,14,14,,2026,Agustus,05/08/2026,,,5,Kalimantan Tengah ,,Sales Demo 006,05/08/2026 00:00,,,,,BELUM BERLANGGANAN
2026,Agustus,04/08/2026,OWN-01579,,081234501579,14,14,,2026,Agustus,04/08/2026,,,5,Kalimantan Tengah ,,Sales Demo 006,05/08/2026 00:00,,,,,BELUM BERLANGGANAN
2026,Agustus,04/08/2026,OWN-00341,,081234500341,#REF!,#REF!,,2026,Agustus,05/08/2026,,,0,Bengkulu,,Sales Demo 010,05/08/2026 00:00,,,,,BELUM BERLANGGANAN
2026,Agustus,04/08/2026,OWN-00341,,081234500341,#REF!,#REF!,,2026,Agustus,04/08/2026,,,0,Bengkulu,,Sales Demo 010,05/08/2026 00:00,,,,,BELUM BERLANGGANAN
2026,Agustus,04/08/2026,OWN-01779,,081234501779,0,0,,2026,Agustus,05/08/2026,,,0,Papua Pegunungan,,Sales Demo 009,05/08/2026 00:00,,,,,BELUM BERLANGGANAN
2026,Agustus,04/08/2026,OWN-01779,,081234501779,0,0,,2026,Agustus,04/08/2026,,,0,Papua Pegunungan,,Sales Demo 009,05/08/2026 00:00,,,,,BELUM BERLANGGANAN
2026,Agustus,04/08/2026,OWN-01815,,081234501815,#REF!,#REF!,,2026,Agustus,05/08/2026,,,0,Sulawesi Barat,,Sales Demo 009,05/08/2026 00:00,,,,,BELUM BERLANGGANAN
2026,Agustus,04/08/2026,OWN-01815,,081234501815,#REF!,#REF!,,2026,Agustus,04/08/2026,,,0,Sulawesi Barat,,Sales Demo 009,05/08/2026 00:00,,,,,BELUM BERLANGGANAN
2026,Agustus,04/08/2026,OWN-01770,,081234501770,1,1,,2026,Agustus,05/08/2026,,,1,Papua ,,Sales Demo 005,05/08/2026 00:00,,,,,BELUM BERLANGGANAN
2026,Agustus,04/08/2026,OWN-01770,,081234501770,1,1,,2026,Agustus,04/08/2026,,,1,Papua ,,Sales Demo 005,05/08/2026 00:00,,,,,BELUM BERLANGGANAN
2026,Agustus,04/08/2026,OWN-01723,,081234501723,3,3,,2026,Agustus,05/08/2026,,,2,Maluku ,,Sales Demo 007,05/08/2026 00:00,,,,,BELUM BERLANGGANAN
2026,Agustus,04/08/2026,OWN-01723,,081234501723,3,3,,2026,Agustus,04/08/2026,,,2,Maluku ,,Sales Demo 007,05/08/2026 00:00,,,,,BELUM BERLANGGANAN
2026,Agustus,04/08/2026,OWN-00184,,081234500184,57,57,,2026,Agustus,05/08/2026,,,6,Bali,,Sales Demo 007,05/08/2026 00:00,,,,,BELUM BERLANGGANAN
2026,Agustus,04/08/2026,OWN-00184,,081234500184,57,57,,2026,Agustus,04/08/2026,,,6,Bali,,Sales Demo 007,05/08/2026 00:00,,,,,BELUM BERLANGGANAN
2026,Agustus,04/08/2026,OWN-01630,,081234501630,#REF!,#REF!,,2026,Agustus,05/08/2026,,,1,Kalimantan Timur,,Sales Demo 006,05/08/2026 00:00,,,,,BELUM BERLANGGANAN
2026,Agustus,04/08/2026,OWN-01630,,081234501630,#REF!,#REF!,,2026,Agustus,04/08/2026,,,1,Kalimantan Timur,,Sales Demo 006,05/08/2026 00:00,,,,,BELUM BERLANGGANAN
2026,Agustus,04/08/2026,OWN-00125,,081234500125,27,27,,2026,Agustus,05/08/2026,,,9,Aceh,,Sales Demo 006,05/08/2026 00:00,,,,,BELUM BERLANGGANAN
2026,Agustus,04/08/2026,OWN-00125,,081234500125,27,27,,2026,Agustus,04/08/2026,,,9,Aceh,,Sales Demo 006,05/08/2026 00:00,,,,,BELUM BERLANGGANAN
2026,Agustus,04/08/2026,OWN-00702,,081234500702,22,22,,2026,Agustus,05/08/2026,,,4,Jambi,,Sales Demo 008,05/08/2026 00:00,,,,,BELUM BERLANGGANAN
2026,Agustus,04/08/2026,OWN-00702,,081234500702,22,22,,2026,Agustus,04/08/2026,,,4,Jambi,,Sales Demo 008,05/08/2026 00:00,,,,,BELUM BERLANGGANAN
2026,Agustus,04/08/2026,OWN-01937,,081234501937,14,14,,2026,Agustus,05/08/2026,,,4,Sulawesi Tenggara,,Sales Demo 010,05/08/2026 00:00,,,,,BELUM BERLANGGANAN
2026,Agustus,04/08/2026,OWN-01937,,081234501937,14,14,,2026,Agustus,04/08/2026,,,4,Sulawesi Tenggara,,Sales Demo 010,05/08/2026 00:00,,,,,BELUM BERLANGGANAN
2026,Agustus,04/08/2026,18420,desreynivilly9@gmail.com,085163036060,Resik Laundry/Setia Laundry,Resik Laundry/Setia Laundry,,2026,Agustus,05/08/2026,,,Kab. Karawang,Jawa Barat,Ruko Graha Asri Residence 2 Blok A No. 8,Sales Demo 010,05/08/2026 00:00,,,,,BELUM BERLANGGANAN
2026,Agustus,04/08/2026,18420,desreynivilly9@gmail.com,085163036060,Resik Laundry/Setia Laundry,Resik Laundry/Setia Laundry,,2026,Agustus,04/08/2026,,,Kab. Karawang,Jawa Barat,Ruko Graha Asri Residence 2 Blok A No. 8,Sales Demo 010,05/08/2026 00:00,,,,,BELUM BERLANGGANAN
2026,Agustus,04/08/2026,OWN-01778,,081234501778,0,0,,2026,Agustus,05/08/2026,,,0,Papua Pegunungan,,Sales Demo 009,05/08/2026 00:00,,,,,BELUM BERLANGGANAN
2026,Agustus,04/08/2026,OWN-01778,,081234501778,0,0,,2026,Agustus,04/08/2026,,,0,Papua Pegunungan,,Sales Demo 009,05/08/2026 00:00,,,,,BELUM BERLANGGANAN
2026,Agustus,04/08/2026,OWN-01718,,081234501718,1,1,,2026,Agustus,05/08/2026,,,Jakarta Selatan,Lampung,,Sales Demo 007,05/08/2026 00:00,,,,,BELUM BERLANGGANAN
2026,Agustus,04/08/2026,OWN-01718,,081234501718,1,1,,2026,Agustus,04/08/2026,,,Jakarta Selatan,Lampung,,Sales Demo 007,05/08/2026 00:00,,,,,BELUM BERLANGGANAN
2026,Agustus,04/08/2026,OWN-01922,,081234501922,26,26,,2026,Agustus,05/08/2026,,,5,Sulawesi Utara,,Sales Demo 005,05/08/2026 00:00,,,,,BELUM BERLANGGANAN
2026,Agustus,04/08/2026,OWN-01922,,081234501922,26,26,,2026,Agustus,04/08/2026,,,5,Sulawesi Utara,,Sales Demo 005,05/08/2026 00:00,,,,,BELUM BERLANGGANAN
2026,Agustus,04/08/2026,OWN-01131,,081234501131,409,409,,2026,Agustus,05/08/2026,,,17,Jawa Barat,,Sales Demo 001,05/08/2026 00:00,,,,,BELUM BERLANGGANAN
2026,Agustus,04/08/2026,OWN-01131,,081234501131,409,409,,2026,Agustus,04/08/2026,,,17,Jawa Barat,,Sales Demo 001,05/08/2026 00:00,,,,,BELUM BERLANGGANAN
2026,Agustus,04/08/2026,OWN-02005,,081234502005,30,30,,2026,Agustus,05/08/2026,,,6,Sumatera Selatan,,Sales Demo 003,05/08/2026 00:00,,,,,BELUM BERLANGGANAN
2026,Agustus,04/08/2026,OWN-02005,,081234502005,30,30,,2026,Agustus,04/08/2026,,,6,Sumatera Selatan,,Sales Demo 003,05/08/2026 00:00,,,,,BELUM BERLANGGANAN
2026,Agustus,04/08/2026,OWN-01563,,081234501563,25,25,,2026,Agustus,05/08/2026,,,5,Kalimantan Selatan,,Sales Demo 001,05/08/2026 00:00,,,,,BELUM BERLANGGANAN
2026,Agustus,04/08/2026,OWN-01563,,081234501563,25,25,,2026,Agustus,04/08/2026,,,5,Kalimantan Selatan,,Sales Demo 001,05/08/2026 00:00,,,,,BELUM BERLANGGANAN
2026,Agustus,04/08/2026,OWN-01774,,081234501774,#REF!,#REF!,,2026,Agustus,05/08/2026,,,0,Papua Barat,,Sales Demo 006,05/08/2026 00:00,,,,,BELUM BERLANGGANAN
2026,Agustus,04/08/2026,OWN-01774,,081234501774,#REF!,#REF!,,2026,Agustus,04/08/2026,,,0,Papua Barat,,Sales Demo 006,05/08/2026 00:00,,,,,BELUM BERLANGGANAN
2026,Agustus,04/08/2026,OWN-02004,,081234502004,#REF!,#REF!,,2026,Agustus,05/08/2026,,,1,Sumatera Selatan,,Sales Demo 001,05/08/2026 00:00,,,,,BELUM BERLANGGANAN
2026,Agustus,04/08/2026,OWN-02004,,081234502004,#REF!,#REF!,,2026,Agustus,04/08/2026,,,1,Sumatera Selatan,,Sales Demo 001,05/08/2026 00:00,,,,,BELUM BERLANGGANAN
2026,Agustus,04/08/2026,OWN-00338,,081234500338,141,141,,2026,Agustus,05/08/2026,,,11,Banten,,Sales Demo 009,05/08/2026 00:00,,,,,BELUM BERLANGGANAN
2026,Agustus,04/08/2026,OWN-00338,,081234500338,141,141,,2026,Agustus,04/08/2026,,,11,Banten,,Sales Demo 009,05/08/2026 00:00,,,,,BELUM BERLANGGANAN
2026,Agustus,04/08/2026,OWN-01771,,081234501771,14,14,,2026,Agustus,05/08/2026,,,6,Papua ,,Sales Demo 010,05/08/2026 00:00,,,,,BELUM BERLANGGANAN
2026,Agustus,04/08/2026,OWN-01771,,081234501771,14,14,,2026,Agustus,04/08/2026,,,6,Papua ,,Sales Demo 010,05/08/2026 00:00,,,,,BELUM BERLANGGANAN
2026,Agustus,04/08/2026,OWN-01816,,081234501816,9,9,,2026,Agustus,05/08/2026,,,2,Sulawesi Barat,,Sales Demo 003,05/08/2026 00:00,,,,,BELUM BERLANGGANAN
2026,Agustus,04/08/2026,OWN-01816,,081234501816,9,9,,2026,Agustus,04/08/2026,,,2,Sulawesi Barat,,Sales Demo 003,05/08/2026 00:00,,,,,BELUM BERLANGGANAN
2026,Agustus,04/08/2026,OWN-00337,,081234500337,3,3,,2026,Agustus,05/08/2026,,,5,Banten,,Sales Demo 007,05/08/2026 00:00,,,,,BELUM BERLANGGANAN
2026,Agustus,04/08/2026,OWN-00337,,081234500337,3,3,,2026,Agustus,04/08/2026,,,5,Banten,,Sales Demo 007,05/08/2026 00:00,,,,,BELUM BERLANGGANAN
2026,Juli,21/07/2026,19265,etyariyani120@gmail.com,081237680900,FAMILY LAUNDRY,FAMILY LAUNDRY,081237680900,2026,Juli,21/07/2026,,,Kab. Sumbawa Barat,Nusa Tenggara Barat,"jalan baso busing Rt 02 Rw 01 desa beru brang rea 
samping lapangan belakang toko bangunan KSB",Sales Demo 002,25/07/2026 00:00,,,,,BELUM BERLANGGANAN
2026,Juli,21/07/2026,19264,muhtarsaja829@gmail.com,085883214195,ASGAR THREE,ASGAR THREE,085883214195,2026,Juli,21/07/2026,,,Kab. Garut,Kab. Garut,kp sirnagalih ds panyindangan cisompet garut,Sales Demo 009,29/07/2026 00:00,,,,,BELUM BERLANGGANAN
2026,Juli,21/07/2026,19265,etyariyani120@gmail.com,081237680900,FAMILY LAUNDRY,FAMILY LAUNDRY,,2026,Juli,21/07/2026,,,Kab. Sumbawa Barat,Nusa Tenggara Barat,"jalan baso busing Rt 02 Rw 01 desa beru brang rea 
samping lapangan belakang toko bangunan KSB",Sales Demo 002,25/07/2026 00:00,,,,,BELUM BERLANGGANAN
2026,Juli,21/07/2026,19264,muhtarsaja829@gmail.com,085883214195,ASGAR THREE,ASGAR THREE,,2026,Juli,21/07/2026,,,Kab. Garut,Kab. Garut,kp sirnagalih ds panyindangan cisompet garut,Sales Demo 009,29/07/2026 00:00,,,,,BELUM BERLANGGANAN
2026,Juli,21/07/2026,19263,Wiwiksuci71@gmail.com,081392700638,Rizky Laundry,Rizky Laundry,,2026,Juli,21/07/2026,,,Kab. Wonosobo,Jawa Tengah,Munggang bawah rt1 rw 11 no 39 gang kuda putih,Sales Demo 007,05/08/2026 00:00,,,,,BELUM BERLANGGANAN
2026,Juli,21/07/2026,19262,ownerlondry@gmail.com,082181407535,delimalondry,delimalondry,,2026,Juli,21/07/2026,,,Kota Medan,Sumatera Utara,jl. eka surya gg. sidodadi,Sales Demo 002,22/07/2026 00:00,,,,,BELUM BERLANGGANAN
2026,Juli,21/07/2026,19261,chesyarfadillah@gmail.com,08989881553,Ms Cat Laundry,Ms Cat Laundry,,2026,Juli,21/07/2026,,,Kota Jakarta Timur,Dki Jakarta,Jln Kerja Bakti Rt 001 Rw 04 Makasar Jakarta Timur,Sales Demo 002,26/07/2026 00:00,,,,,BELUM BERLANGGANAN
2026,Juli,21/07/2026,19260,umulkhusnawati90@gmail.com,085381011370,finna laundry,finna laundry,,2026,Juli,21/07/2026,,,Kab. Bengkulu Tengah,Bengkulu,perumnas Hidayatullah residen 7,Sales Demo 005,05/08/2026 00:00,,,,,BELUM BERLANGGANAN
2026,Juli,21/07/2026,19263,Wiwiksuci71@gmail.com,081392700638,Rizky Laundry,Rizky Laundry,081392700638,2026,Juli,20/07/2026,,,Kab. Wonosobo,Jawa Tengah,Munggang bawah rt1 rw 11 no 39 gang kuda putih,Sales Demo 007,05/08/2026 00:00,,,,,BELUM BERLANGGANAN
2026,Juli,21/07/2026,19262,ownerlondry@gmail.com,082181407535,delimalondry,delimalondry,081361514077,2026,Juli,20/07/2026,,,Kota Medan,Sumatera Utara,jl. eka surya gg. sidodadi,Sales Demo 002,22/07/2026 00:00,,,,,BELUM BERLANGGANAN
2026,Juli,21/07/2026,19261,chesyarfadillah@gmail.com,08989881553,Ms Cat Laundry,Ms Cat Laundry,08989881553,2026,Juli,20/07/2026,,,Kota Jakarta Timur,Dki Jakarta,Jln Kerja Bakti Rt 001 Rw 04 Makasar Jakarta Timur,Sales Demo 002,26/07/2026 00:00,,,,,BELUM BERLANGGANAN
2026,Juli,21/07/2026,19260,umulkhusnawati90@gmail.com,085381011370,finna laundry,finna laundry,085381011370,2026,Juli,20/07/2026,,,Kab. Bengkulu Tengah,Bengkulu,perumnas Hidayatullah residen 7,Sales Demo 005,05/08/2026 00:00,,,,,BELUM BERLANGGANAN
2026,Juli,20/07/2026,19259,ricositohanx@gmail.com,6287792364477,shoenrise,shoenrise,,2026,Juli,20/07/2026,,,Kab. Banyuwangi,Jawa Timur,karangrejo,Sales Demo 004,02/08/2026 00:00,,,,,BELUM BERLANGGANAN
2026,Juli,20/07/2026,19257,tuntaslaundrytdm2024@gmail.com,084240905242,Tuntas Laundry TDM,Tuntas Laundry TDM,0822555650,2026,Juli,20/07/2026,,,Kota Kupang,Nusa Tenggara Timur,Jl. Bundaran P.U no.97-98,Sales Demo 006,02/08/2026 00:00,,,,,BELUM BERLANGGANAN
2026,Juli,20/07/2026,19256,,082359272852,Umanya Laundry,Umanya Laundry,,2026,Juli,20/07/2026,,,Kota Denpasar,Bali,"jln. ceningan sari no. 62, sesetqn denpasar selatan, bali",Sales Demo 001,05/08/2026 00:00,,,,,BELUM BERLANGGANAN
2026,Juli,20/07/2026,19259,ricositohanx@gmail.com,6287792364477,shoenrise,shoenrise,,2026,Juli,20/07/2026,,,Kab. Banyuwangi,Jawa Timur,karangrejo,Sales Demo 004,02/08/2026 00:00,,,,,BELUM BERLANGGANAN
2026,Juli,20/07/2026,19257,tuntaslaundrytdm2024@gmail.com,084240905242,Tuntas Laundry TDM,Tuntas Laundry TDM,,2026,Juli,20/07/2026,,,Kota Kupang,Nusa Tenggara Timur,Jl. Bundaran P.U no.97-98,Sales Demo 006,02/08/2026 00:00,,,,,BELUM BERLANGGANAN
2026,Juli,20/07/2026,19256,,082359272852,Umanya Laundry,Umanya Laundry,,2026,Juli,20/07/2026,,,Kota Denpasar,Bali,"jln. ceningan sari no. 62, sesetqn denpasar selatan, bali",Sales Demo 001,05/08/2026 00:00,,,,,BELUM BERLANGGANAN
2026,Juli,20/07/2026,19249,mamahacc1@gmail.com,085718672690,Devia londry,Devia londry,,2026,Juli,20/07/2026,,,Kota Jakarta Timur,Dki Jakarta,jl pancawarga lll,Sales Demo 001,25/07/2026 00:00,,,,,BELUM BERLANGGANAN
2026,Juli,20/07/2026,19247,solskaindonesia@gmail.com,087864895888,Solska,Solska,,2026,Juli,20/07/2026,,,Kota Depok,Jawa Barat,Depok,Sales Demo 003,25/07/2026 00:00,,,,,BELUM BERLANGGANAN
2026,Juli,20/07/2026,19246,neonalaundryexpress@gmail.com,082274289794,Neona Laundry Express,Neona Laundry Express,,2026,Juli,20/07/2026,,,Kab. Dairi,Sumatera Utara,Panji Dabutar,Sales Demo 001,30/07/2026 00:00,,,,,BELUM BERLANGGANAN
2026,Juli,20/07/2026,19249,mamahacc1@gmail.com,085718672690,Devia londry,Devia londry,085718672690,2026,Juli,19/07/2026,,,Kota Jakarta Timur,Dki Jakarta,jl pancawarga lll,Sales Demo 001,25/07/2026 00:00,,,,,BELUM BERLANGGANAN
2026,Juli,20/07/2026,19247,solskaindonesia@gmail.com,087864895888,Solska,Solska,087864895888,2026,Juli,18/07/2026,,,Kota Depok,Jawa Barat,Depok,Sales Demo 003,25/07/2026 00:00,,,,,BELUM BERLANGGANAN
2026,Juli,20/07/2026,19246,neonalaundryexpress@gmail.com,082274289794,Neona Laundry Express,Neona Laundry Express,082274289794,2026,Juli,18/07/2026,,,Kab. Dairi,Sumatera Utara,Panji Dabutar,Sales Demo 001,30/07/2026 00:00,,,,,BELUM BERLANGGANAN
2026,Juli,17/07/2026,19245,abiijayeng@gmail.com,087899674744,laundry,laundry,087899674744,2026,Juli,17/07/2026,,,Kab. Tegal,Jawa Tengah,jl.hayam Wuruk Rt04 Rw07 Des.Dukuhwaru Kec.Dukuhwaru Kab.Tegal,Sales Demo 007,04/08/2026 00:00,,,,,BELUM BERLANGGANAN
2026,Juli,17/07/2026,19243,,082389711881,AZKA LAUNDRY,AZKA LAUNDRY,082389711881,2026,Juli,17/07/2026,,,Kab. Bengkalis,Riau,Jln. Pertanian - Bengkalis,Sales Demo 008,30/07/2026 00:00,,,,,BELUM BERLANGGANAN
2026,Juli,17/07/2026,19242,indahpulungan03@gmail.com,08566139349,Jasa Setrika Rumahan,Jasa Setrika Rumahan,,2026,Juli,17/07/2026,,,Kota Binjai,Sumatera Utara,"Perumahan Rizki Residence. 
Andalan Raya.",Sales Demo 010,26/07/2026 00:00,,,,,BELUM BERLANGGANAN
2026,Juli,17/07/2026,19245,abiijayeng@gmail.com,087899674744,laundry,laundry,,2026,Juli,17/07/2026,,,Kab. Tegal,Jawa Tengah,jl.hayam Wuruk Rt04 Rw07 Des.Dukuhwaru Kec.Dukuhwaru Kab.Tegal,Sales Demo 007,04/08/2026 00:00,,,,,BELUM BERLANGGANAN
2026,Juli,17/07/2026,19243,,082389711881,AZKA LAUNDRY,AZKA LAUNDRY,,2026,Juli,17/07/2026,,,Kab. Bengkalis,Riau,Jln. Pertanian - Bengkalis,Sales Demo 008,30/07/2026 00:00,,,,,BELUM BERLANGGANAN
2026,Juli,17/07/2026,19242,indahpulungan03@gmail.com,08566139349,Jasa Setrika Rumahan,Jasa Setrika Rumahan,,2026,Juli,17/07/2026,,,Kota Binjai,Sumatera Utara,"Perumahan Rizki Residence. 
Andalan Raya.",Sales Demo 010,26/07/2026 00:00,,,,,BELUM BERLANGGANAN
2026,Juli,17/07/2026,989,nanangjunior232@gmail.com,087786116755,Junior laundry,Junior Laundry Digital,,2026,Juli,17/07/2026,,,Kota Surakarta,Jawa Tengah,"Jl.Parangkusumo pajang kec.laweyan , surakarta",Sales Demo 004,28/07/2026 00:00,,,,,BELUM BERLANGGANAN
2026,Juli,17/07/2026,19240,juniorlaundrydigital@gmail.com,0895622905620,Junior Laundry Digital,Junior Laundry Digital,,2026,Juli,17/07/2026,,,Kota Surakarta,Jawa Tengah,"Jl.ParangKusumo, Pajang Kec.Laweyan Surakarta",Sales Demo 003,23/07/2026 00:00,,,,,BELUM BERLANGGANAN
2026,Juli,17/07/2026,989,nanangjunior232@gmail.com,087786116755,Junior laundry,Junior Laundry Digital,087786116755,2026,Juli,16/07/2026,,,Kota Surakarta,Jawa Tengah,"Jl.Parangkusumo pajang kec.laweyan , surakarta",Sales Demo 004,28/07/2026 00:00,,,,,BELUM BERLANGGANAN
2026,Juli,17/07/2026,19240,juniorlaundrydigital@gmail.com,0895622905620,Junior Laundry Digital,Junior Laundry Digital,08881901443,2026,Juli,16/07/2026,,,Kota Surakarta,Jawa Tengah,"Jl.ParangKusumo, Pajang Kec.Laweyan Surakarta",Sales Demo 003,23/07/2026 00:00,,,,,BELUM BERLANGGANAN
2026,Juli,17/07/2026,989,nanangjunior232@gmail.com,087786116755,Junior laundry,Junior laundry/JUNIOR LAUNDRY,,2021,Juni,15/06/2021,,,Kab. Sukoharjo,Jawa Tengah,"jl.parangkesit , Ngruki 02/17 , cemani",Sales Demo 004,28/07/2026 00:00,,,,,BELUM BERLANGGANAN
2026,Juli,17/07/2026,989,nanangjunior232@gmail.com,087786116755,Junior laundry,Junior laundry/JUNIOR LAUNDRY,,2021,Juni,15/06/2021,,,Kab. Sukoharjo,Jawa Tengah,"jl.parangkesit , Ngruki 02/17 , cemani",Sales Demo 004,28/07/2026 00:00,,,,,BELUM BERLANGGANAN
2026,Juli,16/07/2026,19239,delphia.ranni10@gmail.com,085766967694,ajel laundry,ajel laundry,085766967694,2026,Juli,16/07/2026,,,Kab. Bangka,Kepulauan Bangka Belitung,jl Sisingamangaraja perum griya arwana,Sales Demo 008,24/07/2026 00:00,,,,,BELUM BERLANGGANAN
2026,Juli,16/07/2026,19238,yudhipratamahalim82@gmail.com,08126713448,Tirta Laundry,Tirta Laundry,08126713448,2026,Juli,16/07/2026,,,Kota Padang,Sumatera Barat,Jl. Hayam Wuruk No. 24/III,Sales Demo 010,29/07/2026 00:00,,,,,BELUM BERLANGGANAN
2026,Juli,16/07/2026,19239,delphia.ranni10@gmail.com,085766967694,ajel laundry,ajel laundry,,2026,Juli,16/07/2026,,,Kab. Bangka,Kepulauan Bangka Belitung,jl Sisingamangaraja perum griya arwana,Sales Demo 008,24/07/2026 00:00,,,,,BELUM BERLANGGANAN
2026,Juli,16/07/2026,19238,yudhipratamahalim82@gmail.com,08126713448,Tirta Laundry,Tirta Laundry,,2026,Juli,16/07/2026,,,Kota Padang,Sumatera Barat,Jl. Hayam Wuruk No. 24/III,Sales Demo 010,29/07/2026 00:00,,,,,BELUM BERLANGGANAN
2026,Juli,16/07/2026,19237,suciamalia2026@gmail.com,085156784172,Qinara laundry,Qinara laundry,,2026,Juli,16/07/2026,,,Kab. Simalungun,Sumatera Utara,jln. duriat huta 3,Sales Demo 010,22/07/2026 00:00,,,,,BELUM BERLANGGANAN
2026,Juli,16/07/2026,19237,suciamalia2026@gmail.com,085156784172,Qinara laundry,Qinara laundry,,2026,Juli,15/07/2026,,,Kab. Simalungun,Sumatera Utara,jln. duriat huta 3,Sales Demo 010,22/07/2026 00:00,,,,,BELUM BERLANGGANAN
2026,Juli,15/07/2026,18931,dianmaulidini19@gmail.com,081398606092,Yusuf Laundry/Yusuf Laundry,Yusuf Laundry/Yusuf Laundry,,2026,Juli,15/07/2026,,,Kab. Lahat,Sumatera Selatan,Jalan Lingkar Tanjung payang,Sales Demo 002,27/07/2026 00:00,,,,,BELUM BERLANGGANAN
2026,Juli,15/07/2026,19087,masdiputra799@gmail.com,081905183510,Hanan laundry/Hanan laundry,Hanan laundry/Hanan laundry,,2026,Juli,15/07/2026,,,Kota Batam,Kepulauan Riau ,kavling sambau Nongsa,Sales Demo 006,27/07/2026 00:00,,,,,BELUM BERLANGGANAN
2026,Juli,15/07/2026,19063,laundrynoni2024@gmail.com,081299429900,Laundry Noni/Laundry Noni,Laundry Noni/Laundry Noni,,2026,Juli,15/07/2026,,,Kab. Cilacap,Jawa Tengah,"Dayeuhluhur, Kab. Cilacap",Sales Demo 005,22/07/2026 00:00,,,,,BELUM BERLANGGANAN
2026,Juli,15/07/2026,19100,imeldarosita04@gmail.com,628132024665,Mama Laundry Taruna/Mama Laundry Taruna,Mama Laundry Taruna/Mama Laundry Taruna,,2026,Juli,15/07/2026,,,Kota Jakarta Timur,DKI Jakarta,Jalan Taruna no 81 RT 12 RW 3 Pulogadung Jakarta Timur,Sales Demo 008,30/07/2026 00:00,,,,,BELUM BERLANGGANAN
2026,Juli,15/07/2026,19085,clovelaundry.idn@gmail.com,087816669991,Clove Laundry Idn/Clove Laundry Idn,Clove Laundry Idn/Clove Laundry Idn,,2026,Juli,15/07/2026,,,Kota Tangerang,Banten,clovelaundry.idn@gmail.com,Sales Demo 007,30/07/2026 00:00,,,,,BELUM BERLANGGANAN
2026,Juli,15/07/2026,19236,gungwik976@gmail.com,083856076843,sintya loundry,sintya loundry,083856076843,2026,Juli,15/07/2026,,,Kab. Gianyar,Bali,br kerta,Sales Demo 009,27/07/2026 00:00,,,,,BELUM BERLANGGANAN
2026,Juli,15/07/2026,19235,rachmawati.qiu@gmail.com,083155713477,Rachma laundry,Rachma laundry,083155713477,2026,Juli,15/07/2026,,,Kota Surabaya,Jawa Timur,Kejawan putih tambak gg24 no18,Sales Demo 005,17/07/2026 00:00,,,,,BELUM BERLANGGANAN
2026,Juli,15/07/2026,19234,jastup2018@gmail.com,0895604846951,Sarifah Laundry,Sarifah Laundry,0895604846954,2026,Juli,15/07/2026,,,Kab. Muaro Jambi,Jambi,Perum. Citra Garden 9 Blok E no. 3,Sales Demo 006,24/07/2026 00:00,,,,,BELUM BERLANGGANAN
2026,Juli,15/07/2026,19232,azaleaq7@gmail.com,087825169178,power clean,power clean,087825169178,2026,Juli,15/07/2026,,,Kab. Bandung,Jawa Barat,perumahan taman bunga Sukamukti 2 blok a no 22,Sales Demo 010,18/07/2026 00:00,,,,,BELUM BERLANGGANAN
2026,Juli,15/07/2026,19231,agustinimila301@gmail.com,083138130485,AZA LAUNDRY,AZA LAUNDRY,083138130485,2026,Juli,15/07/2026,,,Kab. Lombok Barat,Nusa Tenggara Barat,Jalan raya TGH. ABDUL KARIM GELOGOR TIMUR,Sales Demo 009,26/07/2026 00:00,,,,,BELUM BERLANGGANAN
2026,Juli,15/07/2026,18931,dianmaulidini19@gmail.com,081398606092,Yusuf Laundry/Yusuf Laundry,Yusuf Laundry/Yusuf Laundry,,2026,Juli,15/07/2026,,,Kab. Lahat,Sumatera Selatan,Jalan Lingkar Tanjung payang,Sales Demo 002,27/07/2026 00:00,,,,,BELUM BERLANGGANAN
2026,Juli,15/07/2026,19087,masdiputra799@gmail.com,081905183510,Hanan laundry/Hanan laundry,Hanan laundry/Hanan laundry,,2026,Juli,15/07/2026,,,Kota Batam,Kepulauan Riau ,kavling sambau Nongsa,Sales Demo 006,27/07/2026 00:00,,,,,BELUM BERLANGGANAN
2026,Juli,15/07/2026,19063,laundrynoni2024@gmail.com,081299429900,Laundry Noni/Laundry Noni,Laundry Noni/Laundry Noni,,2026,Juli,15/07/2026,,,Kab. Cilacap,Jawa Tengah,"Dayeuhluhur, Kab. Cilacap",Sales Demo 005,22/07/2026 00:00,,,,,BELUM BERLANGGANAN
2026,Juli,15/07/2026,19100,imeldarosita04@gmail.com,628132024665,Mama Laundry Taruna/Mama Laundry Taruna,Mama Laundry Taruna/Mama Laundry Taruna,,2026,Juli,15/07/2026,,,Kota Jakarta Timur,DKI Jakarta,Jalan Taruna no 81 RT 12 RW 3 Pulogadung Jakarta Timur,Sales Demo 008,30/07/2026 00:00,,,,,BELUM BERLANGGANAN
2026,Juli,15/07/2026,19085,clovelaundry.idn@gmail.com,087816669991,Clove Laundry Idn/Clove Laundry Idn,Clove Laundry Idn/Clove Laundry Idn,,2026,Juli,15/07/2026,,,Kota Tangerang,Banten,clovelaundry.idn@gmail.com,Sales Demo 007,30/07/2026 00:00,,,,,BELUM BERLANGGANAN
2026,Juli,15/07/2026,19236,gungwik976@gmail.com,083856076843,sintya loundry,sintya loundry,,2026,Juli,15/07/2026,,,Kab. Gianyar,Bali,br kerta,Sales Demo 009,27/07/2026 00:00,,,,,BELUM BERLANGGANAN
2026,Juli,15/07/2026,19235,rachmawati.qiu@gmail.com,083155713477,Rachma laundry,Rachma laundry,,2026,Juli,15/07/2026,,,Kota Surabaya,Jawa Timur,Kejawan putih tambak gg24 no18,Sales Demo 005,17/07/2026 00:00,,,,,BELUM BERLANGGANAN
2026,Juli,15/07/2026,19234,jastup2018@gmail.com,0895604846951,Sarifah Laundry,Sarifah Laundry,,2026,Juli,15/07/2026,,,Kab. Muaro Jambi,Jambi,Perum. Citra Garden 9 Blok E no. 3,Sales Demo 006,24/07/2026 00:00,,,,,BELUM BERLANGGANAN
2026,Juli,15/07/2026,19232,azaleaq7@gmail.com,087825169178,power clean,power clean,,2026,Juli,15/07/2026,,,Kab. Bandung,Jawa Barat,perumahan taman bunga Sukamukti 2 blok a no 22,Sales Demo 010,18/07/2026 00:00,,,,,BELUM BERLANGGANAN
2026,Juli,15/07/2026,19231,agustinimila301@gmail.com,083138130485,AZA LAUNDRY,AZA LAUNDRY,,2026,Juli,15/07/2026,,,Kab. Lombok Barat,Nusa Tenggara Barat,Jalan raya TGH. ABDUL KARIM GELOGOR TIMUR,Sales Demo 009,26/07/2026 00:00,,,,,BELUM BERLANGGANAN
2026,Juli,15/07/2026,19230,,088267126842,MILLANAURA LAUNDRY,MILLANAURA LAUNDRY,,2026,Juli,15/07/2026,,,Kab. Lampung Tengah,Lampung,Pujokerto Dusun 2 Rt/Rw 008/004,Sales Demo 003,23/07/2026 00:00,,,,,BELUM BERLANGGANAN
2026,Juli,15/07/2026,19230,,088267126842,MILLANAURA LAUNDRY,MILLANAURA LAUNDRY,088267126842,2026,Juli,14/07/2026,,,Kab. Lampung Tengah,Lampung,Pujokerto Dusun 2 Rt/Rw 008/004,Sales Demo 003,23/07/2026 00:00,,,,,BELUM BERLANGGANAN
2026,Juli,14/07/2026,19226,srisundari141412@gmail.com,082283690804,jasa setrika Bunda aymaan,jasa setrika Bunda aymaan,,2026,Juli,14/07/2026,,,Kota D U M A I,Riau,Bukit 9 belakang sd,Sales Demo 007,03/08/2026 00:00,,,,,BELUM BERLANGGANAN
2026,Juli,14/07/2026,19225,,081243494172,SAN LAUNDRY,SAN LAUNDRY,,2026,Juli,14/07/2026,,,Kab. Sorong,Papua Barat,jl nangka,Sales Demo 008,28/07/2026 00:00,,,,,BELUM BERLANGGANAN
2026,Juli,14/07/2026,19226,srisundari141412@gmail.com,082283690804,jasa setrika Bunda aymaan,jasa setrika Bunda aymaan,082283690804,2026,Juli,13/07/2026,,,Kota D U M A I,Riau,Bukit 9 belakang sd,Sales Demo 007,03/08/2026 00:00,,,,,BELUM BERLANGGANAN
2026,Juli,14/07/2026,19225,,081243494172,SAN LAUNDRY,SAN LAUNDRY,,2026,Juli,13/07/2026,,,Kab. Sorong,Papua Barat,jl nangka,Sales Demo 008,28/07/2026 00:00,,,,,BELUM BERLANGGANAN
2026,Juli,13/07/2026,15593,freshcleanlaundry1999@gmail.com,085935363911,Freshclean,HOUSEKEEPING,085935363911,2026,Juli,13/07/2026,,,Kab. Badung,Bali,bali,Sales Demo 004,28/07/2026 00:00,,,,,BELUM BERLANGGANAN
2026,Juli,13/07/2026,19221,,083121632692,laundry,laundry,083121632692,2026,Juli,13/07/2026,,,Kab. Muaro Jambi,Jambi,"jalan rambe perjuangan, mekar jaya, RT.20",Sales Demo 010,01/08/2026 00:00,,,,,BELUM BERLANGGANAN
2026,Juli,13/07/2026,19220,putrianjely232@gmail.com,6283112548914,laundryanjely,laundryanjely,083112548914,2026,Juli,13/07/2026,,,Kota Palembang,Sumatera Selatan,mekar jaya,Sales Demo 001,16/07/2026 00:00,,,,,BELUM BERLANGGANAN
2026,Juli,13/07/2026,19219,,081375755516,A4 laundry,A4 laundry,'-,2026,Juli,13/07/2026,,,Kab. Deli Serdang,Sumatera Utara,jl. P. Diponegoro gg desa no 105cinta rakyat,Sales Demo 009,18/07/2026 00:00,,,,,BELUM BERLANGGANAN
2026,Juli,13/07/2026,15593,freshcleanlaundry1999@gmail.com,085935363911,Freshclean,HOUSEKEEPING,,2026,Juli,13/07/2026,,,Kab. Badung,Bali,bali,Sales Demo 004,28/07/2026 00:00,,,,,BELUM BERLANGGANAN
2026,Juli,13/07/2026,19221,,083121632692,laundry,laundry,,2026,Juli,13/07/2026,,,Kab. Muaro Jambi,Jambi,"jalan rambe perjuangan, mekar jaya, RT.20",Sales Demo 010,01/08/2026 00:00,,,,,BELUM BERLANGGANAN
2026,Juli,13/07/2026,19220,putrianjely232@gmail.com,6283112548914,laundryanjely,laundryanjely,,2026,Juli,13/07/2026,,,Kota Palembang,Sumatera Selatan,mekar jaya,Sales Demo 001,16/07/2026 00:00,,,,,BELUM BERLANGGANAN
2026,Juli,13/07/2026,19219,,081375755516,A4 laundry,A4 laundry,,2026,Juli,13/07/2026,,,Kab. Deli Serdang,Sumatera Utara,jl. P. Diponegoro gg desa no 105cinta rakyat,Sales Demo 009,18/07/2026 00:00,,,,,BELUM BERLANGGANAN
2026,Juli,13/07/2026,19215,nico.kristiono@gmail.com,08132021883,Labelle Laundry,Labelle Laundry,,2026,Juli,13/07/2026,,,Kota Cirebon,Jawa Barat,jl. Rajawali Raya F5,Sales Demo 008,16/07/2026 00:00,,,,,BELUM BERLANGGANAN
2026,Juli,13/07/2026,19214,tinagustinf@gmail.com,081317902608,damar laundry,damar laundry,,2026,Juli,13/07/2026,,,Kota Jakarta Selatan,Dki Jakarta,jln haji Ali no 75 RT 04 RW 06,Sales Demo 005,27/07/2026 00:00,,,,,BELUM BERLANGGANAN
2026,Juli,13/07/2026,19213,ermacahyani36@gmail.com,085292826261,Razima laundry,Razima laundry,,2026,Juli,13/07/2026,,,Kota Pangkal Pinang,Kepulauan Bangka Belitung,"jl raya Pangkalpinang Sungailiat, selindung kec. Gabek Kota Pangkalpinang",Sales Demo 004,30/07/2026 00:00,,,,,BELUM BERLANGGANAN
2026,Juli,13/07/2026,19212,,085696115720,Mercy Loundry,Mercy Loundry,,2026,Juli,13/07/2026,,,Kab. Minahasa Tenggara,Sulawesi Utara,Liwutung Satu,Sales Demo 007,31/07/2026 00:00,,,,,BELUM BERLANGGANAN
2026,Juli,13/07/2026,19209,rikifajarisman14@gmail.com,081947924880,VR LAUNDRY,VR LAUNDRY,,2026,Juli,13/07/2026,,,Kota Pekalongan,Jawa Tengah,Panjang Baru  boyongsari gang 2,Sales Demo 009,21/07/2026 00:00,,,,,BELUM BERLANGGANAN
2026,Juli,13/07/2026,19208,inengaannuryassin90@gmail.com,085718046304,bukbek laundry,bukbek laundry,,2026,Juli,13/07/2026,,,Kab. Sukabumi,Jawa Barat,jl cikawung sasagaran kec.kebonpedes kab.sukabumi jawa barat 43194,Sales Demo 001,17/07/2026 00:00,,,,,BELUM BERLANGGANAN
2026,Juli,13/07/2026,19206,ahmadalyag@gmail.com,085251003499,laundry Ghani,laundry Ghani,,2026,Juli,13/07/2026,,,Kota Palangka Raya,Kalimantan Tengah,"jl.piranha XXI 
No:27
Palangkaraya",Sales Demo 007,12/07/2026 00:00,,,,,BELUM BERLANGGANAN
2026,Juli,13/07/2026,19205,yadimuhrir@gmail.com,081348798357,Laundry Ghani,Laundry Ghani,,2026,Juli,13/07/2026,,,Kota Palangka Raya,Kalimantan Tengah,"jl.piranha XXI
Palangkaraya",Sales Demo 005,22/07/2026 00:00,,,,,BELUM BERLANGGANAN
2026,Juli,13/07/2026,19204,laundryexpressa@gmail.com,087765144818,laundry express,laundry express,,2026,Juli,13/07/2026,,,Kota Tangerang,Banten,"jalan haji risan , posyandu gang plamboyann RT 06/RW 001 ,gaga,larangan,kota Tangerang ,banten",Sales Demo 006,15/07/2026 00:00,,,,,BELUM BERLANGGANAN
2026,Juli,13/07/2026,19215,nico.kristiono@gmail.com,08132021883,Labelle Laundry,Labelle Laundry,081237891088,2026,Juli,12/07/2026,,,Kota Cirebon,Jawa Barat,jl. Rajawali Raya F5,Sales Demo 008,16/07/2026 00:00,,,,,BELUM BERLANGGANAN
2026,Juli,13/07/2026,19214,tinagustinf@gmail.com,081317902608,damar laundry,damar laundry,081317902608,2026,Juli,12/07/2026,,,Kota Jakarta Selatan,Dki Jakarta,jln haji Ali no 75 RT 04 RW 06,Sales Demo 005,27/07/2026 00:00,,,,,BELUM BERLANGGANAN
2026,Juli,13/07/2026,19213,ermacahyani36@gmail.com,085292826261,Razima laundry,Razima laundry,085292826261,2026,Juli,11/07/2026,,,Kota Pangkal Pinang,Kepulauan Bangka Belitung,"jl raya Pangkalpinang Sungailiat, selindung kec. Gabek Kota Pangkalpinang",Sales Demo 004,30/07/2026 00:00,,,,,BELUM BERLANGGANAN
2026,Juli,13/07/2026,19212,,085696115720,Mercy Loundry,Mercy Loundry,085696115720,2026,Juli,11/07/2026,,,Kab. Minahasa Tenggara,Sulawesi Utara,Liwutung Satu,Sales Demo 007,31/07/2026 00:00,,,,,BELUM BERLANGGANAN
2026,Juli,13/07/2026,19209,rikifajarisman14@gmail.com,081947924880,VR LAUNDRY,VR LAUNDRY,081947924880,2026,Juli,11/07/2026,,,Kota Pekalongan,Jawa Tengah,Panjang Baru  boyongsari gang 2,Sales Demo 009,21/07/2026 00:00,,,,,BELUM BERLANGGANAN
2026,Juli,13/07/2026,19208,inengaannuryassin90@gmail.com,085718046304,bukbek laundry,bukbek laundry,085718046304,2026,Juli,11/07/2026,,,Kab. Sukabumi,Jawa Barat,jl cikawung sasagaran kec.kebonpedes kab.sukabumi jawa barat 43194,Sales Demo 001,17/07/2026 00:00,,,,,BELUM BERLANGGANAN
2026,Juli,13/07/2026,19206,ahmadalyag@gmail.com,085251003499,laundry Ghani,laundry Ghani,085251003499,2026,Juli,10/07/2026,,,Kota Palangka Raya,Kalimantan Tengah,"jl.piranha XXI 
No:27
Palangkaraya",Sales Demo 007,12/07/2026 00:00,,,,,BELUM BERLANGGANAN
2026,Juli,13/07/2026,19205,yadimuhrir@gmail.com,081348798357,Laundry Ghani,Laundry Ghani,081348798357,2026,Juli,10/07/2026,,,Kota Palangka Raya,Kalimantan Tengah,"jl.piranha XXI
Palangkaraya",Sales Demo 005,22/07/2026 00:00,,,,,BELUM BERLANGGANAN
2026,Juli,13/07/2026,19204,laundryexpressa@gmail.com,087765144818,laundry express,laundry express,087765144818,2026,Juli,10/07/2026,,,Kota Tangerang,Banten,"jalan haji risan , posyandu gang plamboyann RT 06/RW 001 ,gaga,larangan,kota Tangerang ,banten",Sales Demo 006,15/07/2026 00:00,,,,,BELUM BERLANGGANAN
2026,Juli,13/07/2026,15593,freshcleanlaundry1999@gmail.com,085935363911,Freshclean,Freshclean/FRESHCLEAN BALI,,2025,Juni,15/06/2025,,,Kab. Badung,Bali,BALI,Sales Demo 004,28/07/2026 00:00,,,,,BELUM BERLANGGANAN
2026,Juli,13/07/2026,15593,freshcleanlaundry1999@gmail.com,085935363911,Freshclean,Freshclean/FRESHCLEAN BALI,,2025,Juni,15/06/2025,,,Kab. Badung,Bali,BALI,Sales Demo 004,28/07/2026 00:00,,,,,BELUM BERLANGGANAN
2026,Juli,10/07/2026,19202,pt.nmn240424@gmail.com,085283808895,Travel pariwisata,Travel pariwisata,085283808895,2026,Juli,10/07/2026,,,Kota Denpasar,Bali,"Jl. Antasura, Peguyangan Kangin, Denpasar Utara, Denpasar City, Bali 80115",Sales Demo 007,21/07/2026 00:00,,,,,BELUM BERLANGGANAN
2026,Juli,10/07/2026,19201,jonj09196@gmail.com,083181632138,Laundry Barokah,Laundry Barokah,083181632138,2026,Juli,10/07/2026,,,Kab. Malang,Jawa Timur,Jl.Bima Rt04/Rw01 Sidorahayu Kec.Wagir Kab.Malang,Sales Demo 003,16/07/2026 00:00,,,,,BELUM BERLANGGANAN
2026,Juli,10/07/2026,19199,yantifia13@gmail.com,082272000058,R/B laundry,R/B laundry,082272000058,2026,Juli,10/07/2026,,,Kota Tebing Tinggi,Sumatera Utara,sei burung jalan besar bandar khalifah,Sales Demo 010,14/07/2026 00:00,,,,,BELUM BERLANGGANAN
2026,Juli,10/07/2026,19197,karuniasilitonga28@gmail.com,082172281604,'-,'-,082172281604,2026,Juli,10/07/2026,,,Kota B A T A M,Kepulauan Riau,'-,Sales Demo 009,15/07/2026 00:00,,,,,BELUM BERLANGGANAN
2026,Juli,10/07/2026,19196,,081226738122,panda laundry,panda laundry,081325008282,2026,Juli,10/07/2026,,,Kota Semarang,Jawa Tengah,"pekunden tengah 1041A, semarang",Sales Demo 009,23/07/2026 00:00,,,,,BELUM BERLANGGANAN
2026,Juli,10/07/2026,19202,pt.nmn240424@gmail.com,085283808895,Travel pariwisata,Travel pariwisata,,2026,Juli,10/07/2026,,,Kota Denpasar,Bali,"Jl. Antasura, Peguyangan Kangin, Denpasar Utara, Denpasar City, Bali 80115",Sales Demo 007,21/07/2026 00:00,,,,,BELUM BERLANGGANAN
2026,Juli,10/07/2026,19201,jonj09196@gmail.com,083181632138,Laundry Barokah,Laundry Barokah,,2026,Juli,10/07/2026,,,Kab. Malang,Jawa Timur,Jl.Bima Rt04/Rw01 Sidorahayu Kec.Wagir Kab.Malang,Sales Demo 003,16/07/2026 00:00,,,,,BELUM BERLANGGANAN
2026,Juli,10/07/2026,19199,yantifia13@gmail.com,082272000058,R/B laundry,R/B laundry,,2026,Juli,10/07/2026,,,Kota Tebing Tinggi,Sumatera Utara,sei burung jalan besar bandar khalifah,Sales Demo 010,14/07/2026 00:00,,,,,BELUM BERLANGGANAN
2026,Juli,10/07/2026,19197,karuniasilitonga28@gmail.com,082172281604,'-,'-,,2026,Juli,10/07/2026,,,Kota B A T A M,Kepulauan Riau,'-,Sales Demo 009,15/07/2026 00:00,,,,,BELUM BERLANGGANAN
2026,Juli,10/07/2026,19196,,081226738122,panda laundry,panda laundry,,2026,Juli,10/07/2026,,,Kota Semarang,Jawa Tengah,"pekunden tengah 1041A, semarang",Sales Demo 009,23/07/2026 00:00,,,,,BELUM BERLANGGANAN
2026,Juli,10/07/2026,19194,'-,08579065663,PT RUANG NYUCI SEJAHTERA,PT RUANG NYUCI SEJAHTERA,,2026,Juli,10/07/2026,,,Kota Tangerang Selatan,Banten,irendeu,Sales Demo 009,18/07/2026 00:00,,,,,BELUM BERLANGGANAN
2026,Juli,10/07/2026,19194,'-,08579065663,PT RUANG NYUCI SEJAHTERA,PT RUANG NYUCI SEJAHTERA,08577095663,2026,Juli,09/07/2026,,,Kota Tangerang Selatan,Banten,irendeu,Sales Demo 009,18/07/2026 00:00,,,,,BELUM BERLANGGANAN
2026,Juli,09/07/2026,19193,tatijuswita82@gmail.com,081266739338,takana,takana,081266739338,2026,Juli,09/07/2026,,,Kab. Agam,Kab. Agam,palembayan,Sales Demo 009,13/07/2026 00:00,,,,,BELUM BERLANGGANAN
2026,Juli,09/07/2026,19191,agatha.ruangnyuciindonesia@gmail.com,081299529497,PT RUANG NYUCI SEJAHTERA,PT RUANG NYUCI SEJAHTERA,085692788944,2026,Juli,09/07/2026,,,Kota Tangerang Selatan,Banten,Jl gn raya cinrendeu,Sales Demo 010,25/07/2026 00:00,,,,,BELUM BERLANGGANAN
2026,Juli,09/07/2026,19190,'-,085780646954,MERIJAL LAUNDRY,MERIJAL LAUNDRY,'-,2026,Juli,09/07/2026,,,Kota Bekasi,Jawa Barat,kota bekasi,Sales Demo 005,12/07/2026 00:00,,,,,BELUM BERLANGGANAN
2026,Juli,09/07/2026,19189,'-,085338403770,Amanah Loundry,Amanah Loundry,085338403770,2026,Juli,09/07/2026,,,Kab. Ponorogo,Jawa Timur,Jl.Mangga No.23,Sales Demo 004,29/07/2026 00:00,,,,,BELUM BERLANGGANAN
2026,Juli,09/07/2026,19188,'-,081946291023,Wak laundry,Wak laundry,'-,2026,Juli,09/07/2026,,,Kab. Deli Serdang,Sumatera Utara,jjjjjjjj,Sales Demo 006,25/07/2026 00:00,,,,,BELUM BERLANGGANAN
2026,Juli,09/07/2026,19193,tatijuswita82@gmail.com,081266739338,takana,takana,,2026,Juli,09/07/2026,,,Kab. Agam,Kab. Agam,palembayan,Sales Demo 009,13/07/2026 00:00,,,,,BELUM BERLANGGANAN
2026,Juli,09/07/2026,19191,agatha.ruangnyuciindonesia@gmail.com,081299529497,PT RUANG NYUCI SEJAHTERA,PT RUANG NYUCI SEJAHTERA,,2026,Juli,09/07/2026,,,Kota Tangerang Selatan,Banten,Jl gn raya cinrendeu,Sales Demo 010,25/07/2026 00:00,,,,,BELUM BERLANGGANAN
2026,Juli,09/07/2026,19190,'-,085780646954,MERIJAL LAUNDRY,MERIJAL LAUNDRY,,2026,Juli,09/07/2026,,,Kota Bekasi,Jawa Barat,kota bekasi,Sales Demo 005,12/07/2026 00:00,,,,,BELUM BERLANGGANAN
2026,Juli,09/07/2026,19189,'-,085338403770,Amanah Loundry,Amanah Loundry,,2026,Juli,09/07/2026,,,Kab. Ponorogo,Jawa Timur,Jl.Mangga No.23,Sales Demo 004,29/07/2026 00:00,,,,,BELUM BERLANGGANAN
2026,Juli,09/07/2026,19188,'-,081946291023,Wak laundry,Wak laundry,,2026,Juli,09/07/2026,,,Kab. Deli Serdang,Sumatera Utara,jjjjjjjj,Sales Demo 006,25/07/2026 00:00,,,,,BELUM BERLANGGANAN
2026,Juli,08/07/2026,19185,'-,081398617573,JTown Cake,JTown Cake,081398617573,2026,Juli,08/07/2026,,,Kota Jakarta Barat,Dki Jakarta,Jakarta Indonesia,Sales Demo 002,26/07/2026 00:00,,,,,BELUM BERLANGGANAN
2026,Juli,08/07/2026,19184,indriyanindiy304@gmail.com,082325333329,MUTIARA LAUNDRY,MUTIARA LAUNDRY,087817144367,2026,Juli,08/07/2026,,,Kab. Morowali,Sulawesi Tengah,jln rajawali no 15,Sales Demo 008,10/07/2026 00:00,,,,,BELUM BERLANGGANAN
2026,Juli,08/07/2026,19185,'-,081398617573,JTown Cake,JTown Cake,,2026,Juli,08/07/2026,,,Kota Jakarta Barat,Dki Jakarta,Jakarta Indonesia,Sales Demo 002,26/07/2026 00:00,,,,,BELUM BERLANGGANAN
2026,Juli,08/07/2026,19184,indriyanindiy304@gmail.com,082325333329,MUTIARA LAUNDRY,MUTIARA LAUNDRY,,2026,Juli,08/07/2026,,,Kab. Morowali,Sulawesi Tengah,jln rajawali no 15,Sales Demo 008,10/07/2026 00:00,,,,,BELUM BERLANGGANAN
2026,Juli,08/07/2026,19183,vidiali31@gmail.com,08786591419,Rinjani Laundry,Rinjani Laundry,,2026,Juli,08/07/2026,,,Kab. Ogan Komering Ulu Selatan,Sumatera Selatan,jln. simpang 3 pemkab Muaradua,Sales Demo 004,22/07/2026 00:00,,,,,BELUM BERLANGGANAN
2026,Juli,08/07/2026,19183,vidiali31@gmail.com,08786591419,Rinjani Laundry,Rinjani Laundry,087865914149,2026,Juli,07/07/2026,,,Kab. Ogan Komering Ulu Selatan,Sumatera Selatan,jln. simpang 3 pemkab Muaradua,Sales Demo 004,22/07/2026 00:00,,,,,BELUM BERLANGGANAN
2026,Juli,07/07/2026,19180,nanda.aliez81@gmail.com,085133142947,Permata Laundry,Permata Laundry,85133142947,2026,Juli,07/07/2026,,,Kab. Bekasi,Jawa Barat,"Perumahan Pondok Permata Babelan, Jalan Raya Pertamina Blok C16 No.32, Babelan",Sales Demo 009,20/07/2026 00:00,,,,,BELUM BERLANGGANAN
2026,Juli,07/07/2026,19178,ayulundry560@gmail.com,085847361373,Ayu Laundry 2,Ayu Laundry 7,081547468365,2026,Juli,07/07/2026,,,Kab. Bangli,Bali,"jl raya yudistira, bayung",Sales Demo 004,28/07/2026 00:00,,,,,BELUM BERLANGGANAN
2026,Juli,07/07/2026,19180,nanda.aliez81@gmail.com,085133142947,Permata Laundry,Permata Laundry,,2026,Juli,07/07/2026,,,Kab. Bekasi,Jawa Barat,"Perumahan Pondok Permata Babelan, Jalan Raya Pertamina Blok C16 No.32, Babelan",Sales Demo 009,20/07/2026 00:00,,,,,BELUM BERLANGGANAN
2026,Juli,07/07/2026,19178,ayulundry560@gmail.com,085847361373,Ayu Laundry 2,Ayu Laundry 7,,2026,Juli,07/07/2026,,,Kab. Bangli,Bali,"jl raya yudistira, bayung",Sales Demo 004,28/07/2026 00:00,,,,,BELUM BERLANGGANAN
2026,Juli,07/07/2026,19177,laundry0704@gmail.com,0895346796305,File Laundry,File Laundry,,2026,Juli,07/07/2026,,,Kota Bitung,Sulawesi Utara,bitung,Sales Demo 005,15/07/2026 00:00,,,,,BELUM BERLANGGANAN
2026,Juli,07/07/2026,19176,iaslaundry28@gmail.com,081284461679,IAS LAUNDRY,IAS LAUNDRY,,2026,Juli,07/07/2026,,,Kota Jakarta Utara,Dki Jakarta,"Jl. Budi Jaya, RW.10, Sungai Bambu, Kec. Tj. Priok, Jkt Utara, Daerah Khusus Ibukota Jakarta 14330",Sales Demo 002,24/07/2026 00:00,,,,,BELUM BERLANGGANAN
2026,Juli,07/07/2026,19175,deliasuzanti@gmail.com,089520718054,Assyfah Laundry,Assyfah Laundry,,2026,Juli,07/07/2026,,,Kota Makassar,Sulawesi Selatan,Btn. Mangga 3 permai blok A4/36 (Daya),Sales Demo 003,12/07/2026 00:00,,,,,BELUM BERLANGGANAN
2026,Juli,07/07/2026,19177,laundry0704@gmail.com,0895346796305,File Laundry,File Laundry,0895346796305,2026,Juli,06/07/2026,,,Kota Bitung,Sulawesi Utara,bitung,Sales Demo 005,15/07/2026 00:00,,,,,BELUM BERLANGGANAN
2026,Juli,07/07/2026,19176,iaslaundry28@gmail.com,081284461679,IAS LAUNDRY,IAS LAUNDRY,0895403939469,2026,Juli,06/07/2026,,,Kota Jakarta Utara,Dki Jakarta,"Jl. Budi Jaya, RW.10, Sungai Bambu, Kec. Tj. Priok, Jkt Utara, Daerah Khusus Ibukota Jakarta 14330",Sales Demo 002,24/07/2026 00:00,,,,,BELUM BERLANGGANAN
2026,Juli,07/07/2026,19175,deliasuzanti@gmail.com,089520718054,Assyfah Laundry,Assyfah Laundry,089520718054,2026,Juli,06/07/2026,,,Kota Makassar,Sulawesi Selatan,Btn. Mangga 3 permai blok A4/36 (Daya),Sales Demo 003,12/07/2026 00:00,,,,,BELUM BERLANGGANAN
2026,Juli,06/07/2026,11418,brushandwaxpekapuran@gmail.com,08158769841,Brush And Wax Pekapuran,Brush And Wax Pekapuran/Brush and Wax Tapos,,2026,Juli,15/07/2026,,,Kota Depok,Jawa Barat,Jl Pekapuran No 113,Sales Demo 005,10/07/2026 00:00,,,,,BELUM BERLANGGANAN
2026,Juli,06/07/2026,11418,brushandwaxpekapuran@gmail.com,08158769841,Brush And Wax Pekapuran,Brush And Wax Pekapuran/Brush and Wax Tapos,,2026,Juli,15/07/2026,,,Kota Depok,Jawa Barat,Jl Pekapuran No 113,Sales Demo 005,10/07/2026 00:00,,,,,BELUM BERLANGGANAN
2026,Juli,06/07/2026,19170,toispainaturianti@gmail.com,082339682651,"YE,Z LAUNDRY","YE,Z LAUNDRY",082339682651,2026,Juli,06/07/2026,,,Kab. Tabanan,Bali,jalan Wisnu belayu Banjar beringkit,Sales Demo 007,09/07/2026 00:00,,,,,BELUM BERLANGGANAN
2026,Juli,06/07/2026,19169,,083862351994,Laundry umaa,Laundry umaa,083862351994,2026,Juli,06/07/2026,,,Kab. Lampung Selatan,Lampung,Margomulyo,Sales Demo 006,25/07/2026 00:00,,,,,BELUM BERLANGGANAN
2026,Juli,06/07/2026,19168,mitapuspitasari.srg@gmail.com,087784798493,Oma Laundry,Oma Laundry,087784798493,2026,Juli,06/07/2026,,,Kota Serang,Banten,"Jln empat lima, kp gedeg",Sales Demo 010,21/07/2026 00:00,,,,,BELUM BERLANGGANAN
2026,Juli,06/07/2026,19170,toispainaturianti@gmail.com,082339682651,"YE,Z LAUNDRY","YE,Z LAUNDRY",,2026,Juli,06/07/2026,,,Kab. Tabanan,Bali,jalan Wisnu belayu Banjar beringkit,Sales Demo 007,09/07/2026 00:00,,,,,BELUM BERLANGGANAN
2026,Juli,06/07/2026,19169,,083862351994,Laundry umaa,Laundry umaa,,2026,Juli,06/07/2026,,,Kab. Lampung Selatan,Lampung,Margomulyo,Sales Demo 006,25/07/2026 00:00,,,,,BELUM BERLANGGANAN
2026,Juli,06/07/2026,19168,mitapuspitasari.srg@gmail.com,087784798493,Oma Laundry,Oma Laundry,,2026,Juli,06/07/2026,,,Kota Serang,Banten,"Jln empat lima, kp gedeg",Sales Demo 010,21/07/2026 00:00,,,,,BELUM BERLANGGANAN
2026,Juli,06/07/2026,19166,riskawahyuni532@gmail.com,083181063865,Merak Afour Laundry,Merak Afour Laundry,,2026,Juli,06/07/2026,,,Kota Padang,Sumatera Barat,Jalan merak air tawar,Sales Demo 010,17/07/2026 00:00,,,,,BELUM BERLANGGANAN
2026,Juli,06/07/2026,16875,monangjc766hi@gmail.com,081339016746,Siloam Laundry,Depot Mak Abang,,2026,Juli,06/07/2026,,,Kota Kupang,Nusa Tenggara Timur,Jl. Oebon 3,Sales Demo 010,10/07/2026 00:00,,,,,BELUM BERLANGGANAN
2026,Juli,06/07/2026,19164,kiranakirana112233@gmail.com,088298310325,Bahri laundry,Bahri laundry,,2026,Juli,06/07/2026,,,Kota Jambi,Jambi,simpang rimbo,Sales Demo 004,22/07/2026 00:00,,,,,BELUM BERLANGGANAN
2026,Juli,06/07/2026,19163,sunlaundry062026@gmail.com,6285139452037,Sun Laundry,Sun Laundry - Bojonggede,,2026,Juli,06/07/2026,,,Kab. Bogor,Jawa Barat,"Jl. Kp. Pulo No.145, RT.02/RW.02, Kedung Waringin, Kecamatan Bojonggede, Kabupaten Bogor, Jawa Barat 16920, Indonesia",Sales Demo 004,19/07/2026 00:00,,,,,BELUM BERLANGGANAN
2026,Juli,06/07/2026,19162,,085364662742,rumah laundry Bareh Solok,rumah laundry Bareh Solok,,2026,Juli,06/07/2026,,,Kota Padang,Sumatera Barat,"jln DJ Wak ketok koto Parak RT 04 RW 05 no 26/ 
jln by pass depan SPH",Sales Demo 010,08/07/2026 00:00,,,,,BELUM BERLANGGANAN
2026,Juli,06/07/2026,19161,dewagedeumbara@yahoo.com,081916304944,kawan laundry,kawan laundry,,2026,Juli,06/07/2026,,,Kab. Badung,Bali,jln beringin no115,Sales Demo 004,10/07/2026 00:00,,,,,BELUM BERLANGGANAN
2026,Juli,06/07/2026,11418,brushandwaxpekapuran@gmail.com,08158769841,Brush And Wax Pekapuran,Brush and Wax Tapos,,2026,Juli,06/07/2026,,,Kota Depok,Jawa Barat,Jl. Raya Tapos,Sales Demo 005,10/07/2026 00:00,,,,,BELUM BERLANGGANAN
2026,Juli,06/07/2026,19160,mardiansiafdhal2026@gmail.com,085267084405,A2 LAUNDRY,A2 LAUNDRY,,2026,Juli,06/07/2026,,,Kota Palembang,Sumatera Selatan,Perum PNS Pemkot Blok BD No. 02,Sales Demo 004,17/07/2026 00:00,,,,,BELUM BERLANGGANAN
2026,Juli,06/07/2026,19159,maulanazarkasih00@gmail.com,089401007667,NAEL LAUNDRY,NAEL LAUNDRY,,2026,Juli,06/07/2026,,,Kab. Kuningan,Jawa Barat,ciporang samping bidan yayah,Sales Demo 010,11/07/2026 00:00,,,,,BELUM BERLANGGANAN
2026,Juli,06/07/2026,19157,yoklaundry3@gmail.com,082125480690,CRISCAR LOUNDRY,CRISCAR LOUNDRY,,2026,Juli,06/07/2026,,,Kab. Bogor,Jawa Barat,Villa Bogor indah 6 Blok B7 no.14,Sales Demo 009,07/07/2026 00:00,,,,,BELUM BERLANGGANAN
2026,Juli,06/07/2026,19155,virastrawberry_91@yahoo.co.id,087840805974,Sora,Sora,,2026,Juli,06/07/2026,,,Kota Medan,Sumatera Utara,sora!!,Sales Demo 008,10/07/2026 00:00,,,,,BELUM BERLANGGANAN
2026,Juli,06/07/2026,19166,riskawahyuni532@gmail.com,083181063865,Merak Afour Laundry,Merak Afour Laundry,083181063865,2026,Juli,05/07/2026,,,Kota Padang,Sumatera Barat,Jalan merak air tawar,Sales Demo 010,17/07/2026 00:00,,,,,BELUM BERLANGGANAN
2026,Juli,06/07/2026,16875,monangjc766hi@gmail.com,081339016746,Siloam Laundry,Depot Mak Abang,081339016746,2026,Juli,05/07/2026,,,Kota Kupang,Nusa Tenggara Timur,Jl. Oebon 3,Sales Demo 010,10/07/2026 00:00,,,,,BELUM BERLANGGANAN
2026,Juli,06/07/2026,19164,kiranakirana112233@gmail.com,088298310325,Bahri laundry,Bahri laundry,88298310325,2026,Juli,05/07/2026,,,Kota Jambi,Jambi,simpang rimbo,Sales Demo 004,22/07/2026 00:00,,,,,BELUM BERLANGGANAN
2026,Juli,06/07/2026,19163,sunlaundry062026@gmail.com,6285139452037,Sun Laundry,Sun Laundry - Bojonggede,6285139452038,2026,Juli,05/07/2026,,,Kab. Bogor,Jawa Barat,"Jl. Kp. Pulo No.145, RT.02/RW.02, Kedung Waringin, Kecamatan Bojonggede, Kabupaten Bogor, Jawa Barat 16920, Indonesia",Sales Demo 004,19/07/2026 00:00,,,,,BELUM BERLANGGANAN
2026,Juli,06/07/2026,19162,,085364662742,rumah laundry Bareh Solok,rumah laundry Bareh Solok,085364662742,2026,Juli,04/07/2026,,,Kota Padang,Sumatera Barat,"jln DJ Wak ketok koto Parak RT 04 RW 05 no 26/ 
jln by pass depan SPH",Sales Demo 010,08/07/2026 00:00,,,,,BELUM BERLANGGANAN
2026,Juli,06/07/2026,19161,dewagedeumbara@yahoo.com,081916304944,kawan laundry,kawan laundry,081916304944,2026,Juli,04/07/2026,,,Kab. Badung,Bali,jln beringin no115,Sales Demo 004,10/07/2026 00:00,,,,,BELUM BERLANGGANAN
2026,Juli,06/07/2026,11418,brushandwaxpekapuran@gmail.com,08158769841,Brush And Wax Pekapuran,Brush and Wax Tapos,082281886767,2026,Juli,04/07/2026,,,Kota Depok,Jawa Barat,Jl. Raya Tapos,Sales Demo 005,10/07/2026 00:00,,,,,BELUM BERLANGGANAN
2026,Juli,06/07/2026,19160,mardiansiafdhal2026@gmail.com,085267084405,A2 LAUNDRY,A2 LAUNDRY,085267084405,2026,Juli,04/07/2026,,,Kota Palembang,Sumatera Selatan,Perum PNS Pemkot Blok BD No. 02,Sales Demo 004,17/07/2026 00:00,,,,,BELUM BERLANGGANAN
2026,Juli,06/07/2026,19159,maulanazarkasih00@gmail.com,089401007667,NAEL LAUNDRY,NAEL LAUNDRY,0895401007667,2026,Juli,03/07/2026,,,Kab. Kuningan,Jawa Barat,ciporang samping bidan yayah,Sales Demo 010,11/07/2026 00:00,,,,,BELUM BERLANGGANAN
2026,Juli,06/07/2026,19157,yoklaundry3@gmail.com,082125480690,CRISCAR LOUNDRY,CRISCAR LOUNDRY,082125480690,2026,Juli,03/07/2026,,,Kab. Bogor,Jawa Barat,Villa Bogor indah 6 Blok B7 no.14,Sales Demo 009,07/07/2026 00:00,,,,,BELUM BERLANGGANAN
2026,Juli,06/07/2026,19155,virastrawberry_91@yahoo.co.id,087840805974,Sora,Sora,087840805974,2026,Juli,03/07/2026,,,Kota Medan,Sumatera Utara,sora!!,Sales Demo 008,10/07/2026 00:00,,,,,BELUM BERLANGGANAN
2026,Juli,06/07/2026,16875,monangjc766hi@gmail.com,081339016746,Siloam Laundry,Siloam Laundry/Siloam Laundry,,2025,November,15/11/2025,,,Kota Kupang,Nusa Tenggara Timur,Sikumana,Sales Demo 010,10/07/2026 00:00,,,,,BELUM BERLANGGANAN
2026,Juli,06/07/2026,16875,monangjc766hi@gmail.com,081339016746,Siloam Laundry,Siloam Laundry/Siloam Laundry,,2025,November,15/11/2025,,,Kota Kupang,Nusa Tenggara Timur,Sikumana,Sales Demo 010,10/07/2026 00:00,,,,,BELUM BERLANGGANAN
2026,Juli,06/07/2026,11418,brushandwaxpekapuran@gmail.com,08158769841,Brush And Wax Pekapuran,Brush And Wax Pekapuran,,2024,Maret,15/03/2024,,,Kota Depok,Jawa Barat,Jl Pekapuran No 113,Sales Demo 005,10/07/2026 00:00,,,,,BELUM BERLANGGANAN
2026,Juli,06/07/2026,11418,brushandwaxpekapuran@gmail.com,08158769841,Brush And Wax Pekapuran,Brush And Wax Pekapuran,,2024,Maret,15/03/2024,,,Kota Depok,Jawa Barat,Jl Pekapuran No 113,Sales Demo 005,10/07/2026 00:00,,,,,BELUM BERLANGGANAN
2026,Juli,03/07/2026,19153,velynlaundryluwuk@gmail.com,081230059005,Velyn Laundry Luwuk,Velyn Laundry Luwuk,081230059005,2026,Juli,03/07/2026,,,Kab. Banggai,Sulawesi Tengah,"Jl. Wolter Monginsidi, Nyiur Atas (Depan Toko Pakan Ayam) Luwuk",Sales Demo 004,19/07/2026 00:00,,,,,BELUM BERLANGGANAN
2026,Juli,03/07/2026,18155,uandari28@gmail.com,081334428518,24Laundry,ClingWash,6285156239895,2026,Juli,03/07/2026,,,Kota Malang,Jawa Timur,Jln. Gajayana 572e,Sales Demo 008,11/07/2026 00:00,,,,,BELUM BERLANGGANAN
2026,Juli,03/07/2026,19152,,085851557579,Laundry Mama Irma,Laundry Mama Irma,,2026,Juli,03/07/2026,,,Kab. Malang,Jawa Timur,Dsn Babatan rt 11 rw 03 no 24c Tegalgondo,Sales Demo 004,08/07/2026 00:00,,,,,BELUM BERLANGGANAN
2026,Juli,03/07/2026,19153,velynlaundryluwuk@gmail.com,081230059005,Velyn Laundry Luwuk,Velyn Laundry Luwuk,,2026,Juli,03/07/2026,,,Kab. Banggai,Sulawesi Tengah,"Jl. Wolter Monginsidi, Nyiur Atas (Depan Toko Pakan Ayam) Luwuk",Sales Demo 004,19/07/2026 00:00,,,,,BELUM BERLANGGANAN
2026,Juli,03/07/2026,18155,uandari28@gmail.com,081334428518,24Laundry,ClingWash,,2026,Juli,03/07/2026,,,Kota Malang,Jawa Timur,Jln. Gajayana 572e,Sales Demo 008,11/07/2026 00:00,,,,,BELUM BERLANGGANAN
2026,Juli,03/07/2026,19152,,085851557579,Laundry Mama Irma,Laundry Mama Irma,,2026,Juli,03/07/2026,,,Kab. Malang,Jawa Timur,Dsn Babatan rt 11 rw 03 no 24c Tegalgondo,Sales Demo 004,08/07/2026 00:00,,,,,BELUM BERLANGGANAN
2026,Juli,03/07/2026,19151,menikrentina@gmail.com,6285926900605,RaRa Home Laundry,RaRa Home Laundry,,2026,Juli,03/07/2026,,,Kab. Ogan Komering Ulu Timur,Sumatera Selatan,Liman Sari,Sales Demo 008,08/07/2026 00:00,,,,,BELUM BERLANGGANAN
2026,Juli,03/07/2026,19151,menikrentina@gmail.com,6285926900605,RaRa Home Laundry,RaRa Home Laundry,6285926900605,2026,Juli,02/07/2026,,,Kab. Ogan Komering Ulu Timur,Sumatera Selatan,Liman Sari,Sales Demo 008,08/07/2026 00:00,,,,,BELUM BERLANGGANAN
2026,Juli,02/07/2026,19149,,081234500018,Syafana,Syafana,,2026,Juli,02/07/2026,,,Kota Mataram,Nusa Tenggara Barat,Mataram,Sales Demo 010,22/07/2026 00:00,,,,,BELUM BERLANGGANAN
2026,Juli,02/07/2026,19148,,085233301573,penjahit,penjahit,,2026,Juli,02/07/2026,,,Kab. Blitar,Jawa Timur,desa kemloko rt 2 rw 2. kecamatan Nglegok. kabupaten Blitar,Sales Demo 005,16/07/2026 00:00,,,,,BELUM BERLANGGANAN
2026,Juli,02/07/2026,19145,fitrianahelen85@gmail.com,085752380453,Fitriana ( Training),Fitriana 2,085752380453,2026,Juli,02/07/2026,,,Kota B A T A M,Kepulauan Riau,belian,Sales Demo 002,06/07/2026 00:00,,,,,BELUM BERLANGGANAN
2026,Juli,02/07/2026,19147,tohairi712@gmail.com,082348530182,Alifa Laundry,Alifa Laundry,081998881311,2026,Juli,02/07/2026,,,Kab. Lombok Tengah,Nusa Tenggara Barat,tego Desa Teruwai Kec Pujut kabupaten lombok tengah prov NTB,Sales Demo 001,18/07/2026 00:00,,,,,BELUM BERLANGGANAN
2026,Juli,02/07/2026,19146,,083875320345,Enin Laundry Kiloan,Enin Laundry Kiloan,083875320345,2026,Juli,02/07/2026,,,Kab. Karawang,Jawa Barat,"Perum Bintang Alam, Jln, cipanunjang Blok V4 No11 Rt 34 / Rw 11",Sales Demo 004,15/07/2026 00:00,,,,,BELUM BERLANGGANAN
2026,Juli,02/07/2026,19145,fitrianahelen85@gmail.com,085752380453,Fitriana ( Training),Fitriana ( Training),085752380453,2026,Juli,02/07/2026,,,Kota B A T A M,Kepulauan Riau,KDA. Batam  Center,Sales Demo 002,06/07/2026 00:00,,,,,BELUM BERLANGGANAN
2026,Juli,02/07/2026,19149,,081234500018,Syafana,Syafana,,2026,Juli,02/07/2026,,,Kota Mataram,Nusa Tenggara Barat,Mataram,Sales Demo 010,22/07/2026 00:00,,,,,BELUM BERLANGGANAN
2026,Juli,02/07/2026,19148,,085233301573,penjahit,penjahit,,2026,Juli,02/07/2026,,,Kab. Blitar,Jawa Timur,desa kemloko rt 2 rw 2. kecamatan Nglegok. kabupaten Blitar,Sales Demo 005,16/07/2026 00:00,,,,,BELUM BERLANGGANAN
2026,Juli,02/07/2026,19145,fitrianahelen85@gmail.com,085752380453,Fitriana ( Training),Fitriana 2,,2026,Juli,02/07/2026,,,Kota B A T A M,Kepulauan Riau,belian,Sales Demo 002,06/07/2026 00:00,,,,,BELUM BERLANGGANAN
2026,Juli,02/07/2026,19147,tohairi712@gmail.com,082348530182,Alifa Laundry,Alifa Laundry,,2026,Juli,02/07/2026,,,Kab. Lombok Tengah,Nusa Tenggara Barat,tego Desa Teruwai Kec Pujut kabupaten lombok tengah prov NTB,Sales Demo 001,18/07/2026 00:00,,,,,BELUM BERLANGGANAN
2026,Juli,02/07/2026,19146,,083875320345,Enin Laundry Kiloan,Enin Laundry Kiloan,,2026,Juli,02/07/2026,,,Kab. Karawang,Jawa Barat,"Perum Bintang Alam, Jln, cipanunjang Blok V4 No11 Rt 34 / Rw 11",Sales Demo 004,15/07/2026 00:00,,,,,BELUM BERLANGGANAN
2026,Juli,02/07/2026,19145,fitrianahelen85@gmail.com,085752380453,Fitriana ( Training),Fitriana ( Training),,2026,Juli,02/07/2026,,,Kota B A T A M,Kepulauan Riau,KDA. Batam  Center,Sales Demo 002,06/07/2026 00:00,,,,,BELUM BERLANGGANAN
2026,Juli,02/07/2026,19143,samsulikbal092@gmail.com,089673518603,loundry 2putri berkah,loundry 2putri berkah,,2026,Juli,02/07/2026,,,Kota Bekasi,Jawa Barat,jl Bantar gebang Setu r1/04,Sales Demo 002,08/07/2026 00:00,,,,,BELUM BERLANGGANAN
2026,Juli,02/07/2026,19142,islahudinbege@gmail.com,6285716352483,QA Laundry Bogor,QA Laundry Bogor,,2026,Juli,02/07/2026,,,Kab. Bogor,Jawa Barat,Kp. Nagrog Desa Tegal,Sales Demo 005,09/07/2026 00:00,,,,,BELUM BERLANGGANAN
2026,Juli,02/07/2026,19141,risazahra1713@gmail.com,085777725724,Cahaya Laundry,Cahaya Laundry,,2026,Juli,02/07/2026,,,Kab. Kudus,Jawa Tengah,Bulung Cangkring RT 01 RW 11,Sales Demo 009,19/07/2026 00:00,,,,,BELUM BERLANGGANAN
2026,Juli,02/07/2026,19140,,082318817464,Biebie Cuci,Biebie Cuci,,2026,Juli,02/07/2026,,,Kota Jakarta Timur,Dki Jakarta,Jl.Cipinang Pulo No.4,Sales Demo 003,17/07/2026 00:00,,,,,BELUM BERLANGGANAN
2026,Juli,02/07/2026,18515,,08137432627,WOSH LAUNDRY,Biebie Cuci,,2026,Juli,02/07/2026,,,Kota Jakarta Timur,Dki Jakarta,Jl. Cipinang Pulo No. 4,Sales Demo 002,06/07/2026 00:00,,,,,BELUM BERLANGGANAN
2026,Juli,02/07/2026,19139,nadialaundry11@gmail.com,083842644510,Nadia Laundry,Nadia Laundry,,2026,Juli,02/07/2026,,,Kota Salatiga,Jawa Tengah,Jl. Somopuro Kidul No.27 RT01/RW08,Sales Demo 002,21/07/2026 00:00,,,,,BELUM BERLANGGANAN
2026,Juli,02/07/2026,19143,samsulikbal092@gmail.com,089673518603,loundry 2putri berkah,loundry 2putri berkah,089673518603,2026,Juli,01/07/2026,,,Kota Bekasi,Jawa Barat,jl Bantar gebang Setu r1/04,Sales Demo 002,08/07/2026 00:00,,,,,BELUM BERLANGGANAN
2026,Juli,02/07/2026,19142,islahudinbege@gmail.com,6285716352483,QA Laundry Bogor,QA Laundry Bogor,085716352483,2026,Juli,01/07/2026,,,Kab. Bogor,Jawa Barat,Kp. Nagrog Desa Tegal,Sales Demo 005,09/07/2026 00:00,,,,,BELUM BERLANGGANAN
2026,Juli,02/07/2026,19141,risazahra1713@gmail.com,085777725724,Cahaya Laundry,Cahaya Laundry,082136593510,2026,Juli,01/07/2026,,,Kab. Kudus,Jawa Tengah,Bulung Cangkring RT 01 RW 11,Sales Demo 009,19/07/2026 00:00,,,,,BELUM BERLANGGANAN
2026,Juli,02/07/2026,19140,,082318817464,Biebie Cuci,Biebie Cuci,082318817464,2026,Juli,01/07/2026,,,Kota Jakarta Timur,Dki Jakarta,Jl.Cipinang Pulo No.4,Sales Demo 003,17/07/2026 00:00,,,,,BELUM BERLANGGANAN
2026,Juli,02/07/2026,18515,,08137432627,WOSH LAUNDRY,Biebie Cuci,081999949033,2026,Juli,01/07/2026,,,Kota Jakarta Timur,Dki Jakarta,Jl. Cipinang Pulo No. 4,Sales Demo 002,06/07/2026 00:00,,,,,BELUM BERLANGGANAN
2026,Juli,02/07/2026,19139,nadialaundry11@gmail.com,083842644510,Nadia Laundry,Nadia Laundry,083842644510,2026,Juli,01/07/2026,,,Kota Salatiga,Jawa Tengah,Jl. Somopuro Kidul No.27 RT01/RW08,Sales Demo 002,21/07/2026 00:00,,,,,BELUM BERLANGGANAN
2026,Juli,02/07/2026,18515,,08137432627,WOSH LAUNDRY,WOSH LAUNDRY/WOSH LAUNDRY,,2026,Mei,15/05/2026,,,Kota Jakarta Timur,DKI Jakarta,Jl. Mulya Jaya No. 41,Sales Demo 002,06/07/2026 00:00,,,,,BELUM BERLANGGANAN
2026,Juli,02/07/2026,18515,,08137432627,WOSH LAUNDRY,WOSH LAUNDRY/WOSH LAUNDRY,,2026,Mei,15/05/2026,,,Kota Jakarta Timur,DKI Jakarta,Jl. Mulya Jaya No. 41,Sales Demo 002,06/07/2026 00:00,,,,,BELUM BERLANGGANAN
2026,Juli,01/07/2026,19137,pujafransiska94@gmail.com,085262692674,bint⭐ng laundry,bint⭐ng laundry,085262692674,2026,Juli,01/07/2026,,,Kab. Aceh Utara,Aceh,meunasah blang dusun Tanjung kecamatan Lhoksukon kabupaten Aceh Utara,Sales Demo 003,09/07/2026 00:00,,,,,BELUM BERLANGGANAN
2026,Juli,01/07/2026,19136,afridhaarlin@gmail.com,081326257152,Syifa Laundry,Syifa Laundry,081326257152,2026,Juli,01/07/2026,,,Kab. Kudus,Jawa Tengah,"1. Sudimoro Karangmalang Rt 02/06 Gebog Kudus
2. Undaan Lor gang 10 Rt 04/02 Undaan Kudus",Sales Demo 007,11/07/2026 00:00,,,,,BELUM BERLANGGANAN
2026,Juli,01/07/2026,19131,hasdikamaulana28@gmail.com,081324407208,FootageLab.,FootageLab.,081324407208,2026,Juli,01/07/2026,,,Kab. Bogor,Jawa Barat,"Ds. Cipenjo, Kp. Cipenjo, RT 010/005, Cileungsi",Sales Demo 005,10/07/2026 00:00,,,,,BELUM BERLANGGANAN
2026,Juli,01/07/2026,19130,rachmatyulianto89@gmail.com,6281298961556,Nabila Laundry,Nabila Laundry,081298961556,2026,Juli,01/07/2026,,,Kota Bekasi,Jawa Barat,"Perumahan Wahana Pondokgede, Jl raya blok u1 RT001/RW005 Jatisari, Jatiasih Bekasi",Sales Demo 001,03/07/2026 00:00,,,,,BELUM BERLANGGANAN
2026,Juli,01/07/2026,19127,,085186670059,Clothes Laundry Cilegon,Clothes Laundry Cilegon,085186670059,2026,Juli,01/07/2026,,,Kota Cilegon,Banten,Jl.Piere tendean no 77 Cilegon,Sales Demo 004,13/07/2026 00:00,,,,,BELUM BERLANGGANAN
2026,Juli,01/07/2026,19137,pujafransiska94@gmail.com,085262692674,bint⭐ng laundry,bint⭐ng laundry,,2026,Juli,01/07/2026,,,Kab. Aceh Utara,Aceh,meunasah blang dusun Tanjung kecamatan Lhoksukon kabupaten Aceh Utara,Sales Demo 003,09/07/2026 00:00,,,,,BELUM BERLANGGANAN
2026,Juli,01/07/2026,19136,afridhaarlin@gmail.com,081326257152,Syifa Laundry,Syifa Laundry,,2026,Juli,01/07/2026,,,Kab. Kudus,Jawa Tengah,"1. Sudimoro Karangmalang Rt 02/06 Gebog Kudus
2. Undaan Lor gang 10 Rt 04/02 Undaan Kudus",Sales Demo 007,11/07/2026 00:00,,,,,BELUM BERLANGGANAN
2026,Juli,01/07/2026,19131,hasdikamaulana28@gmail.com,081324407208,FootageLab.,FootageLab.,,2026,Juli,01/07/2026,,,Kab. Bogor,Jawa Barat,"Ds. Cipenjo, Kp. Cipenjo, RT 010/005, Cileungsi",Sales Demo 005,10/07/2026 00:00,,,,,BELUM BERLANGGANAN
2026,Juli,01/07/2026,19130,rachmatyulianto89@gmail.com,6281298961556,Nabila Laundry,Nabila Laundry,,2026,Juli,01/07/2026,,,Kota Bekasi,Jawa Barat,"Perumahan Wahana Pondokgede, Jl raya blok u1 RT001/RW005 Jatisari, Jatiasih Bekasi",Sales Demo 001,03/07/2026 00:00,,,,,BELUM BERLANGGANAN
2026,Juli,01/07/2026,19127,,085186670059,Clothes Laundry Cilegon,Clothes Laundry Cilegon,,2026,Juli,01/07/2026,,,Kota Cilegon,Banten,Jl.Piere tendean no 77 Cilegon,Sales Demo 004,13/07/2026 00:00,,,,,BELUM BERLANGGANAN
2026,Juli,01/07/2026,19126,adychandra333@gmail.com,082387091945,dlaundry,dlaundry,082387091945,2026,Juli,01/07/2026,,,Kota Pekanbaru,Riau,jln Diponegoro VII no 1a,Sales Demo 007,07/07/2026 00:00,,,,,BELUM BERLANGGANAN
